code,group,description,unit,price_ngn,low_ngn,high_ngn,waste_pct,confidence,evidence_date,price_set,source,location
M-CEM-01,"Cement, Binders & Admixtures","OPC 42.5 cement, 50kg bag - adopted market average",bag,12000,11000,13500,0.03,HIGH,2026-09-29,2026-09-29,"The Trumpet (29 Sep 2026): major brands ~N12,000/bag in Sept after N13-15k Jul-Aug; BuildWithEase Jul 2026 N11-15k",Abuja
M-CEM-02,"Cement, Binders & Admixtures",OPC cement per tonne (20 bags),t,240000,220000,270000,0.03,HIGH,2026-09-29,2026-09-29,Derived by formula,Abuja
M-CEM-07,"Cement, Binders & Admixtures","Dangote 3X 42.5R, 50kg",bag,12500,11800,15000,0.03,MEDIUM,2026-09-21,2026-10-05,"Legit.ng Abuja market checks (21 Sep 2026): Dangote N11,800-15,000/bag, ~N12,500 bulk",Abuja
M-CEM-08,"Cement, Binders & Admixtures","BUA 42.5, 50kg",bag,12200,10400.0,13200.0,0.03,MEDIUM,2026-09-21,2026-10-05,"Legit.ng Abuja market checks (21 Sep 2026): BUA ~N12,200/bag",Abuja
M-CEM-09,"Cement, Binders & Admixtures","HBM (ex-Lafarge) Elephant 42.5, 50kg",bag,12000,10600.0,13400.0,0.03,MEDIUM,2026-09-29,2026-09-29,The Trumpet Sep 2026: HBM competing at ~N12k,Abuja
M-CEM-10,"Cement, Binders & Admixtures","HBM Powermax 42.5R (structural premium), 50kg",bag,13500,10800.0,16200.0,0.03,LOW,,2026-09-29,Desk estimate - no reliable dated 2026 source; verify with 3 supplier quotes,Abuja
M-CEM-11,"Cement, Binders & Admixtures","32.5 grade cement (Supaset/Ashaka-type), 50kg",bag,11200,9000.0,13400.0,0.03,LOW,,2026-09-29,Desk estimate - no reliable dated 2026 source; verify with 3 supplier quotes,Abuja
M-CEM-12,"Cement, Binders & Admixtures","White cement, 40kg",bag,38000,30400.0,45600.0,0.05,LOW,,2026-09-29,Desk estimate - no reliable dated 2026 source; verify with 3 supplier quotes,Abuja
M-CEM-13,"Cement, Binders & Admixtures","Hydrated lime, 25kg",bag,8000,6400.0,9600.0,0.05,LOW,,2026-09-29,Desk estimate - no reliable dated 2026 source; verify with 3 supplier quotes,Abuja
M-CEM-03,"Cement, Binders & Admixtures","Tile adhesive, standard, 20kg",bag,9500,7600.0,11400.0,0.05,LOW,,2026-09-29,Desk estimate - no reliable dated 2026 source; verify with 3 supplier quotes,Abuja
M-CEM-20,"Cement, Binders & Admixtures","Tile adhesive, flexible/porcelain grade (C2TE), 20kg",bag,16000,12800.0,19200.0,0.05,LOW,,2026-09-29,Desk estimate - no reliable dated 2026 source; verify with 3 supplier quotes,Abuja
M-CEM-04,"Cement, Binders & Admixtures","Tile grout, per kg",kg,1500,1200.0,1800.0,0.1,LOW,,2026-09-29,Desk estimate - no reliable dated 2026 source; verify with 3 supplier quotes,Abuja
M-CEM-19,"Cement, Binders & Admixtures","Epoxy grout, per kg",kg,9000,7200.0,10800.0,0.1,LOW,,2026-09-29,Desk estimate - no reliable dated 2026 source; verify with 3 supplier quotes,Abuja
M-CEM-05,"Cement, Binders & Admixtures","Plaster of Paris (POP), 40kg bag",bag,9000,7200.0,10800.0,0.05,LOW,,2026-09-29,Desk estimate - no reliable dated 2026 source; verify with 3 supplier quotes,Abuja
M-CEM-21,"Cement, Binders & Admixtures","Gypsum plaster (skim), 25kg",bag,9500,7600.0,11400.0,0.05,LOW,,2026-09-29,Desk estimate - no reliable dated 2026 source; verify with 3 supplier quotes,Abuja
M-CEM-06,"Cement, Binders & Admixtures","Wall putty / skim coat, 20kg",bag,9000,7200.0,10800.0,0.05,LOW,,2026-09-29,Desk estimate - no reliable dated 2026 source; verify with 3 supplier quotes,Abuja
M-CEM-14,"Cement, Binders & Admixtures","SBR bonding agent, per litre",L,3800,3040.0,4560.0,0.05,LOW,,2026-09-29,Desk estimate - no reliable dated 2026 source; verify with 3 supplier quotes,Abuja
M-CEM-15,"Cement, Binders & Admixtures","Integral waterproofing admixture, per litre",L,4500,3600.0,5400.0,0.05,LOW,,2026-09-29,Desk estimate - no reliable dated 2026 source; verify with 3 supplier quotes,Abuja
M-CEM-16,"Cement, Binders & Admixtures","Superplasticiser, per litre",L,3500,2800.0,4200.0,0.05,LOW,,2026-09-29,Desk estimate - no reliable dated 2026 source; verify with 3 supplier quotes,Abuja
M-CEM-17,"Cement, Binders & Admixtures","Curing compound, per litre",L,3000,2400.0,3600.0,0.05,LOW,,2026-09-29,Desk estimate - no reliable dated 2026 source; verify with 3 supplier quotes,Abuja
M-CEM-18,"Cement, Binders & Admixtures","Non-shrink cementitious grout, 25kg",bag,28000,22400.0,33600.0,0.05,LOW,,2026-09-29,Desk estimate - no reliable dated 2026 source; verify with 3 supplier quotes,Abuja
M-CEM-22,"Cement, Binders & Admixtures","Cementitious waterproofing, 2-part, 25kg set",set,55000,44000.0,66000.0,0.05,LOW,,2026-09-29,Desk estimate - no reliable dated 2026 source; verify with 3 supplier quotes,Abuja
M-AGG-01,"Aggregates, Fill & Soils (Delivered Abuja)","Sharp sand, 20t tipper load",load,130000,90000,180000,0,MEDIUM,2026-09-01,2026-09-29,Prioni (Feb 2026) N70-150k/20t national; Jiji Lagos 2026 N150-180k/20t,Abuja
M-AGG-02,"Aggregates, Fill & Soils (Delivered Abuja)","Sharp sand, per tonne",t,6500.0,4500.0,9000.0,0.08,MEDIUM,2026-09-01,2026-09-29,Derived by formula,Abuja
M-AGG-03,"Aggregates, Fill & Soils (Delivered Abuja)","Plaster (soft) sand, 20t load",load,140000,112000.0,168000.0,0,LOW,2026-09-01,2026-09-29,Judgement: ~5-10% over sharp sand,Abuja
M-AGG-04,"Aggregates, Fill & Soils (Delivered Abuja)","Plaster sand, per tonne",t,7000.0,5600.0,8400.0,0.08,LOW,,2026-09-29,Derived by formula,Abuja
M-AGG-11,"Aggregates, Fill & Soils (Delivered Abuja)","Filling sand (fine), 20t load",load,70000,56000.0,84000.0,0,LOW,,2026-09-29,Desk estimate - no reliable dated 2026 source; verify with 3 supplier quotes,Abuja
M-AGG-12,"Aggregates, Fill & Soils (Delivered Abuja)","Filling sand, per tonne",t,3500.0,2800.0,4200.0,0.05,LOW,,2026-09-29,Derived by formula,Abuja
M-AGG-05,"Aggregates, Fill & Soils (Delivered Abuja)","Laterite filling, 20t load",load,85000,68000.0,102000.0,0,LOW,2026-09-01,2026-09-29,Judgement from Abuja supplier lists,Abuja
M-AGG-06,"Aggregates, Fill & Soils (Delivered Abuja)","Laterite, per tonne",t,4250.0,3400.0,5100.0,0.05,LOW,,2026-09-29,Derived by formula,Abuja
M-AGG-07,"Aggregates, Fill & Soils (Delivered Abuja)","Granite 3/4"", 30t load",load,540000,400000,765000,0,MEDIUM,2026-09-01,2026-09-29,Jiji 2026: 30t N765k (Ibadan); Prioni Feb 2026 N7-10k/t; Abuja near Bwari/Kubwa quarries,Abuja
M-AGG-08,"Aggregates, Fill & Soils (Delivered Abuja)","Granite 3/4"", per tonne",t,17999.82,13333.2,25499.75,0.05,MEDIUM,,2026-09-29,Derived by formula,Abuja
M-AGG-13,"Aggregates, Fill & Soils (Delivered Abuja)","Granite 1/2"", 30t load",load,560000,448000.0,672000.0,0,LOW,,2026-09-29,"Judgement (+~4% over 3/4"")",Abuja
M-AGG-14,"Aggregates, Fill & Soils (Delivered Abuja)","Granite 1/2"", per tonne",t,18666.48,14933.18,22399.78,0.05,LOW,,2026-09-29,Derived by formula,Abuja
M-AGG-15,"Aggregates, Fill & Soils (Delivered Abuja)","Granite 1/4"" (chippings), 30t load",load,520000,416000.0,624000.0,0,LOW,,2026-09-29,Desk estimate - no reliable dated 2026 source; verify with 3 supplier quotes,Abuja
M-AGG-16,"Aggregates, Fill & Soils (Delivered Abuja)","Granite 1/4"", per tonne",t,17333.16,13866.53,20799.79,0.05,LOW,,2026-09-29,Derived by formula,Abuja
M-AGG-17,"Aggregates, Fill & Soils (Delivered Abuja)","Granite 1"", per tonne",t,17500,14000.0,21000.0,0.05,LOW,,2026-09-29,Desk estimate - no reliable dated 2026 source; verify with 3 supplier quotes,Abuja
M-AGG-09,"Aggregates, Fill & Soils (Delivered Abuja)","Hardcore / stone base, per tonne",t,11000,8800.0,13200.0,0.05,LOW,,2026-09-29,Desk estimate - no reliable dated 2026 source; verify with 3 supplier quotes,Abuja
M-AGG-10,"Aggregates, Fill & Soils (Delivered Abuja)","Stone dust, per tonne",t,9000,7200.0,10800.0,0.05,LOW,,2026-09-29,Desk estimate - no reliable dated 2026 source; verify with 3 supplier quotes,Abuja
M-AGG-18,"Aggregates, Fill & Soils (Delivered Abuja)","Crushed stone base 0/40 (graded), per tonne",t,12500,10000.0,15000.0,0.05,LOW,,2026-09-29,Desk estimate - no reliable dated 2026 source; verify with 3 supplier quotes,Abuja
M-AGG-19,"Aggregates, Fill & Soils (Delivered Abuja)","Boulders / rip-rap, per tonne",t,13000,10400.0,15600.0,0.05,LOW,,2026-09-29,Desk estimate - no reliable dated 2026 source; verify with 3 supplier quotes,Abuja
M-AGG-20,"Aggregates, Fill & Soils (Delivered Abuja)","Gravel (laterite-gravel), per tonne",t,6500,5200.0,7800.0,0.05,LOW,,2026-09-29,Desk estimate - no reliable dated 2026 source; verify with 3 supplier quotes,Abuja
M-AGG-21,"Aggregates, Fill & Soils (Delivered Abuja)","Topsoil, 20t load",load,80000,64000.0,96000.0,0,LOW,,2026-09-29,Desk estimate - no reliable dated 2026 source; verify with 3 supplier quotes,Abuja
M-AGG-22,"Aggregates, Fill & Soils (Delivered Abuja)","Topsoil, per tonne",t,4000.0,3200.0,4800.0,0.05,LOW,,2026-09-29,Derived by formula,Abuja
M-BLK-01,"Blocks, Bricks & Precast","9"" (225mm) hollow sandcrete block",nr,850,650,950,0.05,MEDIUM,2026-10-06,2026-10-06,"Jiji Abuja listings checked 6 Oct 2026: 9in N700 (Lugbe), N650-950 range; stone-dust N850 (Gwagwalada)",Abuja
M-BLK-02,"Blocks, Bricks & Precast","6"" (150mm) hollow sandcrete block",nr,700,560.0,840.0,0.05,LOW,2026-09-01,2026-09-29,"Judgement from 9"" ratio",Abuja
M-BLK-04,"Blocks, Bricks & Precast","5"" (125mm) hollow block",nr,580,460.0,700.0,0.05,LOW,,2026-09-29,Desk estimate - no reliable dated 2026 source; verify with 3 supplier quotes,Abuja
M-BLK-08,"Blocks, Bricks & Precast","4"" (100mm) hollow block",nr,520,420.0,620.0,0.05,LOW,,2026-09-29,Desk estimate - no reliable dated 2026 source; verify with 3 supplier quotes,Abuja
M-BLK-03,"Blocks, Bricks & Precast","9"" (225mm) solid block",nr,1050,840.0,1260.0,0.05,LOW,,2026-09-29,Desk estimate - no reliable dated 2026 source; verify with 3 supplier quotes,Abuja
M-BLK-09,"Blocks, Bricks & Precast","6"" (150mm) solid block",nr,850,680.0,1020.0,0.05,LOW,,2026-09-29,Desk estimate - no reliable dated 2026 source; verify with 3 supplier quotes,Abuja
M-BLK-10,"Blocks, Bricks & Precast",Compressed earth interlocking brick,nr,350,280.0,420.0,0.05,LOW,,2026-09-29,Desk estimate - no reliable dated 2026 source; verify with 3 supplier quotes,Abuja
M-BLK-11,"Blocks, Bricks & Precast",Burnt clay facing brick 215x102.5x65,nr,450,360.0,540.0,0.05,LOW,,2026-09-29,Desk estimate - no reliable dated 2026 source; verify with 3 supplier quotes,Abuja
M-BLK-05,"Blocks, Bricks & Precast",Interlocking paving stone 60mm,m2,8500,6800.0,10200.0,0.05,LOW,,2026-09-29,Desk estimate - no reliable dated 2026 source; verify with 3 supplier quotes,Abuja
M-BLK-06,"Blocks, Bricks & Precast",Interlocking paving stone 80mm,m2,10500,8400.0,12600.0,0.05,LOW,,2026-09-29,Desk estimate - no reliable dated 2026 source; verify with 3 supplier quotes,Abuja
M-BLK-12,"Blocks, Bricks & Precast",Interlocking paving stone 100mm (heavy duty),m2,13500,10800.0,16200.0,0.05,LOW,,2026-09-29,Desk estimate - no reliable dated 2026 source; verify with 3 supplier quotes,Abuja
M-BLK-07,"Blocks, Bricks & Precast",Precast kerb 450x250x125 (walkway),nr,4500,3600.0,5400.0,0.03,LOW,,2026-09-29,Desk estimate - no reliable dated 2026 source; verify with 3 supplier quotes,Abuja
M-BLK-13,"Blocks, Bricks & Precast",Precast road kerb 900x300x150,nr,9000,7200.0,10800.0,0.03,LOW,,2026-09-29,Desk estimate - no reliable dated 2026 source; verify with 3 supplier quotes,Abuja
M-BLK-14,"Blocks, Bricks & Precast",Precast lintel 150x225x1500,nr,18000,14400.0,21600.0,0.02,LOW,,2026-09-29,Desk estimate - no reliable dated 2026 source; verify with 3 supplier quotes,Abuja
M-BLK-15,"Blocks, Bricks & Precast","Precast U-drain 600mm, per m",m,35000,28000.0,42000.0,0.02,LOW,,2026-09-29,Desk estimate - no reliable dated 2026 source; verify with 3 supplier quotes,Abuja
M-BLK-16,"Blocks, Bricks & Precast","Precast drain cover slab, per m",m,18000,14400.0,21600.0,0.02,LOW,,2026-09-29,Desk estimate - no reliable dated 2026 source; verify with 3 supplier quotes,Abuja
M-BLK-17,"Blocks, Bricks & Precast","Concrete culvert pipe 600mm dia, per m",m,95000,76000.0,114000.0,0.02,LOW,,2026-09-29,Desk estimate - no reliable dated 2026 source; verify with 3 supplier quotes,Abuja
M-BLK-18,"Blocks, Bricks & Precast","Concrete culvert pipe 900mm dia, per m",m,150000,120000.0,180000.0,0.02,LOW,,2026-09-29,Desk estimate - no reliable dated 2026 source; verify with 3 supplier quotes,Abuja
M-BLK-19,"Blocks, Bricks & Precast","Concrete culvert pipe 1200mm dia, per m",m,230000,184000.0,276000.0,0.02,LOW,,2026-09-29,Desk estimate - no reliable dated 2026 source; verify with 3 supplier quotes,Abuja
M-BLK-20,"Blocks, Bricks & Precast",Precast manhole ring 1000mm,nr,65000,52000.0,78000.0,0.02,LOW,,2026-09-29,Desk estimate - no reliable dated 2026 source; verify with 3 supplier quotes,Abuja
M-BLK-21,"Blocks, Bricks & Precast","Hollow pot for rib-and-block slab, 225mm",nr,1300,1040.0,1560.0,0.05,LOW,,2026-09-29,Desk estimate - no reliable dated 2026 source; verify with 3 supplier quotes,Abuja
M-BLK-22,"Blocks, Bricks & Precast","Concrete cover spacers, per 100",pack,3000,2400.0,3600.0,0.05,LOW,,2026-09-29,Desk estimate - no reliable dated 2026 source; verify with 3 supplier quotes,Abuja
M-STL-01,Reinforcement & Steel,"High-yield rebar 12-16mm, per tonne",t,1050000,950000,1150000,0.05,MEDIUM,2026-05-28,2026-09-29,Spiritlevel/Naijasabi (2026) avg N1.1m/t; BestSales (Feb 2026) 12/16mm TMT N1.01m/t,Abuja
M-STL-02,Reinforcement & Steel,"High-yield rebar 20-25mm, per tonne",t,1070000,970000,1180000,0.05,MEDIUM,2026-05-28,2026-09-29,Spiritlevel/Naijasabi (2026) avg N1.1m/t; BestSales (Feb 2026) 12/16mm TMT N1.01m/t,Abuja
M-STL-03,Reinforcement & Steel,"Rebar 8-10mm, per tonne",t,1100000,1000000,1200000,0.05,MEDIUM,2026-05-28,2026-09-29,Spiritlevel/Naijasabi (2026) avg N1.1m/t; BestSales (Feb 2026) 12/16mm TMT N1.01m/t,Abuja
M-STL-09,Reinforcement & Steel,"High-yield rebar 32mm, per tonne",t,1100000,880000.0,1320000.0,0.05,LOW,,2026-09-29,Spiritlevel/Naijasabi (2026) avg N1.1m/t; BestSales (Feb 2026) 12/16mm TMT N1.01m/t,Abuja
M-STL-10,Reinforcement & Steel,"8mm rebar, 12m length (0.395 kg/m)",length,5214.0,4740.0,5688.0,0,MEDIUM,,2026-09-29,Derived by formula,Abuja
M-STL-11,Reinforcement & Steel,"10mm rebar, 12m length (0.617 kg/m)",length,8144.4,7404.0,8884.8,0,MEDIUM,,2026-09-29,Derived by formula,Abuja
M-STL-12,Reinforcement & Steel,"12mm rebar, 12m length (0.888 kg/m)",length,11188.8,10123.2,12254.4,0,MEDIUM,,2026-09-29,Derived by formula,Abuja
M-STL-13,Reinforcement & Steel,"16mm rebar, 12m length (1.578 kg/m)",length,19882.8,17989.2,21776.4,0,MEDIUM,,2026-09-29,Derived by formula,Abuja
M-STL-14,Reinforcement & Steel,"20mm rebar, 12m length (2.466 kg/m)",length,31663.44,28704.24,34918.56,0,MEDIUM,,2026-09-29,Derived by formula,Abuja
M-STL-15,Reinforcement & Steel,"25mm rebar, 12m length (3.853 kg/m)",length,49472.52,44848.92,54558.48,0,MEDIUM,,2026-09-29,Derived by formula,Abuja
M-STL-16,Reinforcement & Steel,"32mm rebar, 12m length (6.313 kg/m)",length,83331.6,66665.28,99997.92,0,LOW,,2026-09-29,Derived by formula,Abuja
M-STL-04,Reinforcement & Steel,"Binding wire, 20kg roll",roll,38000,30400.0,45600.0,0,LOW,,2026-09-29,Desk estimate - no reliable dated 2026 source; verify with 3 supplier quotes,Abuja
M-STL-05,Reinforcement & Steel,"Binding wire, per kg",kg,1900.0,1520.0,2280.0,0.05,LOW,,2026-09-29,Derived by formula,Abuja
M-STL-07,Reinforcement & Steel,"BRC mesh A142, per m2",m2,3800,3040.0,4560.0,0.1,LOW,,2026-09-29,Desk estimate - no reliable dated 2026 source; verify with 3 supplier quotes,Abuja
M-STL-17,Reinforcement & Steel,"BRC mesh A193, per m2",m2,5200,4160.0,6240.0,0.1,LOW,,2026-09-29,Desk estimate - no reliable dated 2026 source; verify with 3 supplier quotes,Abuja
M-STL-18,Reinforcement & Steel,"BRC mesh A252, per m2",m2,6800,5440.0,8160.0,0.1,LOW,,2026-09-29,Desk estimate - no reliable dated 2026 source; verify with 3 supplier quotes,Abuja
M-STL-19,Reinforcement & Steel,"Expanded metal lath, per m2",m2,2800,2240.0,3360.0,0.1,LOW,,2026-09-29,Desk estimate - no reliable dated 2026 source; verify with 3 supplier quotes,Abuja
M-STL-08,Reinforcement & Steel,"Structural steel sections (UB/UC/PFC/angle), per tonne",t,1450000,1160000.0,1740000.0,0.05,LOW,,2026-09-29,Judgement: ~1.35-1.4x rebar/t,Abuja
M-STL-20,Reinforcement & Steel,"Angle iron 25x25x3, 6m (1.12 kg/m)",length,9744.0,7795.2,11692.8,0.05,LOW,,2026-09-29,Derived: structural steel N/t x section weight (BS/EN tables),Abuja
M-STL-21,Reinforcement & Steel,"Angle iron 50x50x5, 6m (3.77 kg/m)",length,32799.0,26239.2,39358.8,0.05,LOW,,2026-09-29,Derived: structural steel N/t x section weight (BS/EN tables),Abuja
M-STL-22,Reinforcement & Steel,"Angle iron 75x75x6, 6m (6.85 kg/m)",length,59595.0,47676.0,71514.0,0.05,LOW,,2026-09-29,Derived: structural steel N/t x section weight (BS/EN tables),Abuja
M-STL-23,Reinforcement & Steel,"Flat bar 50x6, 6m (2.36 kg/m)",length,20532.0,16425.6,24638.4,0.05,LOW,,2026-09-29,Derived: structural steel N/t x section weight (BS/EN tables),Abuja
M-STL-24,Reinforcement & Steel,"Square hollow section 25x25x1.5, 6m (1.06 kg/m)",length,10144.2,8115.36,12173.04,0.05,LOW,,2026-09-29,Derived: structural steel N/t x section weight (BS/EN tables); +10% tube premium,Abuja
M-STL-25,Reinforcement & Steel,"Square hollow section 50x50x2, 6m (2.93 kg/m)",length,28040.1,22432.08,33648.12,0.05,LOW,,2026-09-29,Derived: structural steel N/t x section weight (BS/EN tables); +10% tube premium,Abuja
M-STL-26,Reinforcement & Steel,"Rectangular hollow section 100x50x3, 6m (6.71 kg/m)",length,64214.7,51371.76,77057.64,0.05,LOW,,2026-09-29,Derived: structural steel N/t x section weight (BS/EN tables),Abuja
M-STL-27,Reinforcement & Steel,"Black steel pipe 2"" (60.3x2.9), 6m (4.11 kg/m)",length,39332.7,31466.16,47199.24,0.05,LOW,,2026-09-29,Derived: structural steel N/t x section weight (BS/EN tables),Abuja
M-STL-28,Reinforcement & Steel,"Galvanised pipe 2"" medium, 6m (5.03 kg/m)",length,56889.3,45511.44,68267.16,0.05,LOW,,2026-09-29,Derived: structural steel N/t x section weight (BS/EN tables); +30% galvanising,Abuja
M-STL-29,Reinforcement & Steel,"Galvanised pipe 1"" medium, 6m (2.41 kg/m)",length,27257.1,21805.68,32708.52,0.05,LOW,,2026-09-29,Derived: structural steel N/t x section weight (BS/EN tables); +30% galvanising,Abuja
M-STL-30,Reinforcement & Steel,"Channel PFC 100x50, 6m (10.2 kg/m)",length,88740.0,70992.0,106488.0,0.05,LOW,,2026-09-29,Derived: structural steel N/t x section weight (BS/EN tables),Abuja
M-STL-31,Reinforcement & Steel,"Universal beam 203x133x25, per m",m,36250.0,29000.0,43500.0,0.05,LOW,,2026-09-29,Derived: structural steel N/t x section weight (BS/EN tables),Abuja
M-STL-32,Reinforcement & Steel,"Universal beam 254x146x31, per m",m,44950.0,35960.0,53940.0,0.05,LOW,,2026-09-29,Derived: structural steel N/t x section weight (BS/EN tables),Abuja
M-STL-33,Reinforcement & Steel,"Universal column 203x203x46, per m",m,66700.0,53360.0,80040.0,0.05,LOW,,2026-09-29,Derived: structural steel N/t x section weight (BS/EN tables),Abuja
M-STL-34,Reinforcement & Steel,"Steel plate 6mm, per m2 (47.1 kg)",m2,68295.0,54636.0,81954.0,0.08,LOW,,2026-09-29,Derived: structural steel N/t x section weight (BS/EN tables),Abuja
M-STL-35,Reinforcement & Steel,"Steel plate 10mm, per m2 (78.5 kg)",m2,113825.0,91060.0,136590.0,0.08,LOW,,2026-09-29,Derived: structural steel N/t x section weight (BS/EN tables),Abuja
M-STL-36,Reinforcement & Steel,"Galvanised Z/C purlin 150x65x2, per m (4.1 kg/m)",m,7728.5,6182.8,9274.2,0.05,LOW,,2026-09-29,Derived: structural steel N/t x section weight (BS/EN tables); +30% galvanised cold-formed,Abuja
M-STL-37,Reinforcement & Steel,"Steel metal deck 0.9mm, per m2",m2,18000,14400.0,21600.0,0.05,LOW,,2026-09-29,Desk estimate - no reliable dated 2026 source; verify with 3 supplier quotes,Abuja
M-STL-38,Reinforcement & Steel,"Welding electrodes E6013 2.5mm, per kg",kg,2800,2240.0,3360.0,0.05,LOW,,2026-09-29,Desk estimate - no reliable dated 2026 source; verify with 3 supplier quotes,Abuja
M-STL-39,Reinforcement & Steel,"Cutting/grinding disc 9""",nr,3000,2400.0,3600.0,0,LOW,,2026-09-29,Desk estimate - no reliable dated 2026 source; verify with 3 supplier quotes,Abuja
M-STL-40,Reinforcement & Steel,Bolt & nut M16x100 grade 8.8 with washers,nr,800,640.0,960.0,0.05,LOW,,2026-09-29,Desk estimate - no reliable dated 2026 source; verify with 3 supplier quotes,Abuja
M-STL-41,Reinforcement & Steel,Expansion anchor bolt M12,nr,900,720.0,1080.0,0.05,LOW,,2026-09-29,Desk estimate - no reliable dated 2026 source; verify with 3 supplier quotes,Abuja
M-STL-42,Reinforcement & Steel,"Chemical anchor resin, 400ml cartridge",nr,15000,12000.0,18000.0,0,LOW,,2026-09-29,Desk estimate - no reliable dated 2026 source; verify with 3 supplier quotes,Abuja
M-STL-06,Reinforcement & Steel,"Wire nails, assorted, per kg",kg,2600,2080.0,3120.0,0.1,LOW,,2026-09-29,Desk estimate - no reliable dated 2026 source; verify with 3 supplier quotes,Abuja
M-STL-43,Reinforcement & Steel,"Concrete nails, per kg",kg,3500,2800.0,4200.0,0.1,LOW,,2026-09-29,Desk estimate - no reliable dated 2026 source; verify with 3 supplier quotes,Abuja
M-STL-44,Reinforcement & Steel,"Roofing nails (umbrella head), per kg",kg,3200,2560.0,3840.0,0.1,LOW,,2026-09-29,Desk estimate - no reliable dated 2026 source; verify with 3 supplier quotes,Abuja
M-STL-45,Reinforcement & Steel,"Barbed wire, 200m roll",roll,35000,28000.0,42000.0,0.05,LOW,,2026-09-29,Desk estimate - no reliable dated 2026 source; verify with 3 supplier quotes,Abuja
M-STL-46,Reinforcement & Steel,"Razor (concertina) wire 450mm, per coil (~10m)",coil,25000,20000.0,30000.0,0.05,LOW,,2026-09-29,Desk estimate - no reliable dated 2026 source; verify with 3 supplier quotes,Abuja
M-STL-47,Reinforcement & Steel,"Chain-link mesh 1.8m high, 20m roll",roll,75000,60000.0,90000.0,0.05,LOW,,2026-09-29,Desk estimate - no reliable dated 2026 source; verify with 3 supplier quotes,Abuja
M-STL-48,Reinforcement & Steel,Welded mesh fence panel 2.4x1.8m,nr,28000,22400.0,33600.0,0.03,LOW,,2026-09-29,Desk estimate - no reliable dated 2026 source; verify with 3 supplier quotes,Abuja
M-TMB-01,Timber & Boards,"2""x2""x12' hardwood",length,2500,2000.0,3000.0,0.1,LOW,,2026-09-29,Desk estimate - no reliable dated 2026 source; verify with 3 supplier quotes,Abuja
M-TMB-02,Timber & Boards,"2""x3""x12' hardwood",length,3500,2800.0,4200.0,0.1,LOW,,2026-09-29,Desk estimate - no reliable dated 2026 source; verify with 3 supplier quotes,Abuja
M-TMB-03,Timber & Boards,"2""x4""x12' hardwood (Gmelina/Akpontu)",length,4800,3840.0,5760.0,0.1,LOW,,2026-09-29,Desk estimate - no reliable dated 2026 source; verify with 3 supplier quotes,Abuja
M-TMB-04,Timber & Boards,"2""x6""x12' hardwood",length,8000,7040.0,8960.0,0.1,MEDIUM,2026-03-26,2026-09-29,"BestSales (Mar 2026): mahogany 2x6x12 N8,000",Abuja
M-TMB-09,Timber & Boards,"2""x12""x12' hardwood",length,9500,7600.0,11400.0,0.1,LOW,2026-02-19,2026-09-29,"BestSales 2026: 2x12 full length N3,000-9,500",Abuja
M-TMB-10,Timber & Boards,"3""x4""x12' hardwood",length,7500,6000.0,9000.0,0.1,LOW,,2026-09-29,Desk estimate - no reliable dated 2026 source; verify with 3 supplier quotes,Abuja
M-TMB-11,Timber & Boards,"1""x2""x12' batten",length,1500,1200.0,1800.0,0.1,LOW,,2026-09-29,Desk estimate - no reliable dated 2026 source; verify with 3 supplier quotes,Abuja
M-TMB-12,Timber & Boards,"1""x6""x12' plank",length,3300,2640.0,3960.0,0.1,LOW,,2026-09-29,Desk estimate - no reliable dated 2026 source; verify with 3 supplier quotes,Abuja
M-TMB-05,Timber & Boards,"1""x12""x12' plank (formwork)",length,6500,5200.0,7800.0,0.1,LOW,2026-02-19,2026-09-29,"BestSales 2026 1x12 N2,500-4,000/ft; BetaSales 2025 hardwood N6,000",Abuja
M-TMB-13,Timber & Boards,"Dressed hardwood (Iroko/Mahogany) for joinery, per m3",m3,750000,600000.0,900000.0,0.15,LOW,,2026-09-29,Desk estimate - no reliable dated 2026 source; verify with 3 supplier quotes,Abuja
M-TMB-06,Timber & Boards,"Marine board 18mm, 4'x8' film-faced",sheet,32000,25600.0,38400.0,0.05,LOW,,2026-09-29,Desk estimate - no reliable dated 2026 source; verify with 3 supplier quotes,Abuja
M-TMB-14,Timber & Boards,"Plywood 12mm, 4'x8'",sheet,18000,14400.0,21600.0,0.05,LOW,,2026-09-29,Desk estimate - no reliable dated 2026 source; verify with 3 supplier quotes,Abuja
M-TMB-15,Timber & Boards,"Plywood 18mm, 4'x8'",sheet,26000,20800.0,31200.0,0.05,LOW,,2026-09-29,Desk estimate - no reliable dated 2026 source; verify with 3 supplier quotes,Abuja
M-TMB-16,Timber & Boards,"MDF 18mm, 4'x8'",sheet,25000,20000.0,30000.0,0.08,LOW,,2026-09-29,Desk estimate - no reliable dated 2026 source; verify with 3 supplier quotes,Abuja
M-TMB-17,Timber & Boards,"HDF 3mm, 4'x8'",sheet,6000,4800.0,7200.0,0.08,LOW,,2026-09-29,Desk estimate - no reliable dated 2026 source; verify with 3 supplier quotes,Abuja
M-TMB-18,Timber & Boards,"Particle board 18mm, 4'x8'",sheet,18000,14400.0,21600.0,0.08,LOW,,2026-09-29,Desk estimate - no reliable dated 2026 source; verify with 3 supplier quotes,Abuja
M-TMB-19,Timber & Boards,Bamboo prop / stick,nr,1500,1200.0,1800.0,0.1,LOW,,2026-09-29,Desk estimate - no reliable dated 2026 source; verify with 3 supplier quotes,Abuja
M-TMB-07,Timber & Boards,"Wood preservative (Solignum-type), per litre",L,4500,3600.0,5400.0,0.05,LOW,,2026-09-29,Desk estimate - no reliable dated 2026 source; verify with 3 supplier quotes,Abuja
M-RF-11,"Roofing, Cladding & Rainwater",Aluminium longspan 0.40mm (market),m2,5600,5150.0,6050.0,0,HIGH,2026-10-01,2026-10-06,"Ideal Roofing System, Lagos price list updated 1 Oct 2026: 0.40mm market N5,600/m2",Abuja
M-RF-03,"Roofing, Cladding & Rainwater",Aluminium longspan 0.45mm (market),m2,6600,5810.0,7390.0,0,MEDIUM,2026-06-03,2026-09-29,"Jumac Aluminium (Jun 2026): light gauges N5,600-7,400/m2",Abuja
M-RF-01,"Roofing, Cladding & Rainwater","Aluminium longspan 0.55mm, Grade A (market)",m2,8100,7000,9000,0,HIGH,2026-10-01,2026-10-06,"Ideal Roofing System, Lagos price list updated 1 Oct 2026: 0.55mm market N8,100/m2",Abuja
M-RF-09,"Roofing, Cladding & Rainwater","Aluminium longspan 0.45mm, caliper",m2,11000,8800.0,13200.0,0,LOW,,2026-09-29,Interpolated from Ideal Roofing caliper range,Abuja
M-RF-02,"Roofing, Cladding & Rainwater","Aluminium longspan 0.55mm, caliper (industrial)",m2,13200,12100.0,14300.0,0,HIGH,2026-10-01,2026-10-06,"Ideal Roofing System, Lagos price list updated 1 Oct 2026: 0.55mm caliper N13,200/m2",Abuja
M-RF-10,"Roofing, Cladding & Rainwater","Aluminium longspan 0.70mm, caliper",m2,15800,14500.0,17100.0,0,HIGH,2026-10-01,2026-10-06,"Ideal Roofing System, Lagos price list updated 1 Oct 2026: 0.70mm caliper N15,800/m2",Abuja
M-RF-04,"Roofing, Cladding & Rainwater",Step-tile / Metcopo aluminium 0.55mm (market),m2,8800,7040.0,10560.0,0,LOW,,2026-09-29,Judgement ~5-10% over longspan,Abuja
M-RF-12,"Roofing, Cladding & Rainwater","Metcopo aluminium 0.55mm, caliper",m2,14000,11200.0,16800.0,0,LOW,,2026-09-29,Desk estimate - no reliable dated 2026 source; verify with 3 supplier quotes,Abuja
M-RF-05,"Roofing, Cladding & Rainwater","Stone-coated steel tile (Gerard-type), per piece",nr,5600,4750,6500,0.03,MEDIUM,2026-04-03,2026-09-29,"Gods Promise Aluminium (Apr 2026): N4,750-6,500/piece",Abuja
M-RF-13,"Roofing, Cladding & Rainwater","Stone-coated shingle/bond profile, per piece",nr,6200,4960.0,7440.0,0.03,LOW,,2026-09-29,Desk estimate - no reliable dated 2026 source; verify with 3 supplier quotes,Abuja
M-RF-14,"Roofing, Cladding & Rainwater","Stone-coated ridge/hip cap, per piece",nr,5500,4400.0,6600.0,0.03,LOW,,2026-09-29,Desk estimate - no reliable dated 2026 source; verify with 3 supplier quotes,Abuja
M-RF-15,"Roofing, Cladding & Rainwater","Galvanised corrugated (zinc) sheet 0.3mm, per m2",m2,5000,4000.0,6000.0,0.05,LOW,,2026-09-29,Desk estimate - no reliable dated 2026 source; verify with 3 supplier quotes,Abuja
M-RF-16,"Roofing, Cladding & Rainwater","Polycarbonate/translucent roofing sheet, per m2",m2,7500,6000.0,9000.0,0.05,LOW,,2026-09-29,Desk estimate - no reliable dated 2026 source; verify with 3 supplier quotes,Abuja
M-RF-06,"Roofing, Cladding & Rainwater","Aluminium ridge cap / flashing, per m",m,4500,3600.0,5400.0,0.05,LOW,,2026-09-29,Desk estimate - no reliable dated 2026 source; verify with 3 supplier quotes,Abuja
M-RF-17,"Roofing, Cladding & Rainwater","Self-drilling roofing screws with washers, per 100",pack,6500,5200.0,7800.0,0.05,LOW,,2026-09-29,Desk estimate - no reliable dated 2026 source; verify with 3 supplier quotes,Abuja
M-RF-18,"Roofing, Cladding & Rainwater","Reflective foil roof insulation, per m2",m2,1800,1440.0,2160.0,0.1,LOW,,2026-09-29,Desk estimate - no reliable dated 2026 source; verify with 3 supplier quotes,Abuja
M-RF-19,"Roofing, Cladding & Rainwater","Glass/rock wool insulation 50mm, per m2",m2,4500,3600.0,5400.0,0.08,LOW,,2026-09-29,Desk estimate - no reliable dated 2026 source; verify with 3 supplier quotes,Abuja
M-RF-07,"Roofing, Cladding & Rainwater","PVC fascia board, per m",m,5500,4400.0,6600.0,0.05,LOW,,2026-09-29,Desk estimate - no reliable dated 2026 source; verify with 3 supplier quotes,Abuja
M-RF-20,"Roofing, Cladding & Rainwater","PVC soffit panel, per m2",m2,6500,5200.0,7800.0,0.08,LOW,,2026-09-29,Desk estimate - no reliable dated 2026 source; verify with 3 supplier quotes,Abuja
M-RF-08,"Roofing, Cladding & Rainwater","Aluminium gutter, per m",m,7500,6000.0,9000.0,0.05,LOW,,2026-09-29,Desk estimate - no reliable dated 2026 source; verify with 3 supplier quotes,Abuja
M-RF-21,"Roofing, Cladding & Rainwater","uPVC rainwater downpipe 110mm, 5.8m length",length,14000,11200.0,16800.0,0.05,LOW,,2026-09-29,Desk estimate - no reliable dated 2026 source; verify with 3 supplier quotes,Abuja
M-RF-22,"Roofing, Cladding & Rainwater","uPVC downpipe 110mm, per m",m,2413.8,1931.04,2896.56,0.05,LOW,,2026-09-29,Derived by formula,Abuja
M-RF-23,"Roofing, Cladding & Rainwater","Aluminium composite panel 4mm, per m2",m2,22000,17600.0,26400.0,0.1,LOW,,2026-09-29,Desk estimate - no reliable dated 2026 source; verify with 3 supplier quotes,Abuja
M-WP-01,Waterproofing & Dpc,"Torch-on APP bitumen membrane 4mm, 10 m2 roll",roll,45000,36000.0,54000.0,0,LOW,,2026-09-29,Desk estimate - no reliable dated 2026 source; verify with 3 supplier quotes,Abuja
M-WP-02,Waterproofing & Dpc,"Torch-on membrane 4mm, per m2",m2,4500.0,3600.0,5400.0,0.12,LOW,,2026-09-29,Derived by formula,Abuja
M-WP-03,Waterproofing & Dpc,"Bitumen primer, per litre",L,3500,2800.0,4200.0,0.05,LOW,,2026-09-29,Desk estimate - no reliable dated 2026 source; verify with 3 supplier quotes,Abuja
M-WP-04,Waterproofing & Dpc,"Bituminous paint (black), 20L",pail,55000,44000.0,66000.0,0,LOW,,2026-09-29,Desk estimate - no reliable dated 2026 source; verify with 3 supplier quotes,Abuja
M-WP-05,Waterproofing & Dpc,"Bituminous paint, per litre",L,2750.0,2200.0,3300.0,0.05,LOW,,2026-09-29,Derived by formula,Abuja
M-WP-06,Waterproofing & Dpc,Bituminous felt DPC 225mm x 20m roll,roll,15000,12000.0,18000.0,0,LOW,,2026-09-29,Desk estimate - no reliable dated 2026 source; verify with 3 supplier quotes,Abuja
M-WP-07,Waterproofing & Dpc,"DPC 225mm, per m",m,750.0,600.0,900.0,0.05,LOW,,2026-09-29,Derived by formula,Abuja
M-WP-08,Waterproofing & Dpc,"Polyurethane liquid membrane, 20kg",pail,180000,144000.0,216000.0,0,LOW,,2026-09-29,Desk estimate - no reliable dated 2026 source; verify with 3 supplier quotes,Abuja
M-WP-09,Waterproofing & Dpc,"Polyurethane membrane, per kg",kg,9000.0,7200.0,10800.0,0.05,LOW,,2026-09-29,Derived by formula,Abuja
M-WP-10,Waterproofing & Dpc,"PVC waterstop 150mm, per m",m,4500,3600.0,5400.0,0.05,LOW,,2026-09-29,Desk estimate - no reliable dated 2026 source; verify with 3 supplier quotes,Abuja
M-WP-11,Waterproofing & Dpc,"Non-woven geotextile, per m2",m2,1200,960.0,1440.0,0.1,LOW,,2026-09-29,Desk estimate - no reliable dated 2026 source; verify with 3 supplier quotes,Abuja
M-WP-12,Waterproofing & Dpc,"Polyurethane joint sealant, 600ml",nr,9000,7200.0,10800.0,0.05,LOW,,2026-09-29,Desk estimate - no reliable dated 2026 source; verify with 3 supplier quotes,Abuja
M-FIN-01,Floor & Wall Finishes,"Floor tile 600x600 ceramic/porcelain, mid-range",m2,8500,7500,9500,0.08,MEDIUM,2026-08-25,2026-09-29,"TilesNg listings (2026): 60x60 N7,500-9,300/m2",Abuja
M-FIN-02,Floor & Wall Finishes,"Floor tile 600x600 polished porcelain (Spanish), premium",m2,22500,18000,27000,0.08,MEDIUM,2026-08-25,2026-09-29,"TilesNg listings (2026): Spanish N22,500-26,500/m2",Abuja
M-FIN-11,Floor & Wall Finishes,Floor tile 600x600 matt anti-slip porcelain,m2,12000,9600.0,14400.0,0.08,LOW,,2026-09-29,Desk estimate - no reliable dated 2026 source; verify with 3 supplier quotes,Abuja
M-FIN-12,Floor & Wall Finishes,Floor tile 400x400 ceramic,m2,5500,4400.0,6600.0,0.08,LOW,,2026-09-29,PropertyPro/Nigerian Informer 40x40 cheapest carton; uplifted,Abuja
M-FIN-13,Floor & Wall Finishes,Floor tile 300x300 anti-slip (wet areas),m2,6500,5200.0,7800.0,0.08,LOW,,2026-09-29,Desk estimate - no reliable dated 2026 source; verify with 3 supplier quotes,Abuja
M-FIN-14,Floor & Wall Finishes,Porcelain slab 600x1200,m2,28000,22400.0,33600.0,0.08,LOW,,2026-09-29,Desk estimate - no reliable dated 2026 source; verify with 3 supplier quotes,Abuja
M-FIN-03,Floor & Wall Finishes,Wall tile 300x600,m2,7500,6000.0,9000.0,0.1,LOW,,2026-09-29,Desk estimate - no reliable dated 2026 source; verify with 3 supplier quotes,Abuja
M-FIN-15,Floor & Wall Finishes,"Tile skirting 100mm, per m",m,1800,1440.0,2160.0,0.08,LOW,,2026-09-29,Desk estimate - no reliable dated 2026 source; verify with 3 supplier quotes,Abuja
M-FIN-16,Floor & Wall Finishes,"Aluminium/PVC tile trim, per m",m,1200,960.0,1440.0,0.05,LOW,,2026-09-29,Desk estimate - no reliable dated 2026 source; verify with 3 supplier quotes,Abuja
M-FIN-17,Floor & Wall Finishes,"Local granite slab 20mm polished, per m2",m2,45000,36000.0,54000.0,0.1,LOW,,2026-09-29,Desk estimate - no reliable dated 2026 source; verify with 3 supplier quotes,Abuja
M-FIN-18,Floor & Wall Finishes,"Imported marble 20mm, per m2",m2,85000,68000.0,102000.0,0.1,LOW,,2026-09-29,Desk estimate - no reliable dated 2026 source; verify with 3 supplier quotes,Abuja
M-FIN-19,Floor & Wall Finishes,"Natural stone wall cladding, per m2",m2,18000,14400.0,21600.0,0.08,LOW,,2026-09-29,Desk estimate - no reliable dated 2026 source; verify with 3 supplier quotes,Abuja
M-FIN-20,Floor & Wall Finishes,"SPC vinyl click flooring 4-5mm, per m2",m2,7500,6600.0,8400.0,0.08,MEDIUM,2026-09-29,2026-09-29,"Jiji flooring listings Sep 2026: vinyl/SPC N5,300-8,000/m2",Abuja
M-FIN-21,Floor & Wall Finishes,"Laminate flooring 8mm, per m2",m2,9000,7200.0,10800.0,0.08,LOW,,2026-09-29,Desk estimate - no reliable dated 2026 source; verify with 3 supplier quotes,Abuja
M-FIN-22,Floor & Wall Finishes,"Carpet tiles (commercial), per m2",m2,14000,11200.0,16800.0,0.05,LOW,,2026-09-29,Desk estimate - no reliable dated 2026 source; verify with 3 supplier quotes,Abuja
M-FIN-23,Floor & Wall Finishes,"Epoxy floor coating (2-part), per kg",kg,9500,7600.0,11400.0,0.05,LOW,,2026-09-29,Desk estimate - no reliable dated 2026 source; verify with 3 supplier quotes,Abuja
M-FIN-24,Floor & Wall Finishes,"WPC fluted wall panel, per m2",m2,12000,9600.0,14400.0,0.08,LOW,,2026-09-29,Desk estimate - no reliable dated 2026 source; verify with 3 supplier quotes,Abuja
M-FIN-04,Paints & Coatings,"Emulsion paint, standard, 20L",pail,50000,45000,55000,0,MEDIUM,2026-08-25,2026-09-29,"TilesNg listings (2026): Wall Care N47,000, Chemstar N53,000 /20L",Abuja
M-FIN-05,Paints & Coatings,"Emulsion paint, per litre",L,2500.0,2250.0,2750.0,0.05,MEDIUM,,2026-09-29,Derived by formula,Abuja
M-FIN-25,Paints & Coatings,"Silk/satin emulsion (premium), 20L",pail,87000,76600.0,97400.0,0,MEDIUM,2026-08-25,2026-09-29,"TilesNg listings (2026): Macnugar silk N87,000/20L",Abuja
M-FIN-26,Paints & Coatings,"Silk emulsion, per litre",L,4350.0,3830.0,4870.0,0.05,MEDIUM,,2026-09-29,Derived by formula,Abuja
M-FIN-06,Paints & Coatings,"Weathershield / textured exterior paint, 20L",pail,95000,83600.0,106400.0,0,MEDIUM,2026-08-25,2026-09-29,"TilesNg listings (2026): weathershield N96,000/20L",Abuja
M-FIN-07,Paints & Coatings,"Weathershield, per litre",L,4750.0,4180.0,5320.0,0.05,MEDIUM,,2026-09-29,Derived by formula,Abuja
M-FIN-27,Paints & Coatings,"Alkali-resistant primer/sealer, 20L",pail,38000,30400.0,45600.0,0,LOW,,2026-09-29,Desk estimate - no reliable dated 2026 source; verify with 3 supplier quotes,Abuja
M-FIN-28,Paints & Coatings,"Primer/sealer, per litre",L,1900.0,1520.0,2280.0,0.05,LOW,,2026-09-29,Derived by formula,Abuja
M-FIN-08,Paints & Coatings,"Gloss paint (oil), 4L",tin,28000,22400.0,33600.0,0.05,LOW,,2026-09-29,Desk estimate - no reliable dated 2026 source; verify with 3 supplier quotes,Abuja
M-FIN-29,Paints & Coatings,"Red oxide anti-rust primer, 4L",tin,22000,17600.0,26400.0,0.05,LOW,,2026-09-29,Desk estimate - no reliable dated 2026 source; verify with 3 supplier quotes,Abuja
M-FIN-30,Paints & Coatings,"Wood varnish, 4L",tin,30000,24000.0,36000.0,0.05,LOW,,2026-09-29,Desk estimate - no reliable dated 2026 source; verify with 3 supplier quotes,Abuja
M-FIN-31,Paints & Coatings,"Thinner, 4L",tin,9000,7200.0,10800.0,0.05,LOW,,2026-09-29,Desk estimate - no reliable dated 2026 source; verify with 3 supplier quotes,Abuja
M-FIN-32,Paints & Coatings,"Textured (sand) wall coating, 25kg",pail,45000,36000.0,54000.0,0.05,LOW,,2026-09-29,Desk estimate - no reliable dated 2026 source; verify with 3 supplier quotes,Abuja
M-FIN-08B,"Ceilings, Partitions & Glass","Gypsum board 12.5mm, 1.2x2.4m",sheet,11000,8800.0,13200.0,0.05,LOW,,2026-09-29,Desk estimate - no reliable dated 2026 source; verify with 3 supplier quotes,Abuja
M-FIN-33,"Ceilings, Partitions & Glass","PVC ceiling panel, per m2",m2,5500,4400.0,6600.0,0.08,LOW,,2026-09-29,Desk estimate - no reliable dated 2026 source; verify with 3 supplier quotes,Abuja
M-FIN-34,"Ceilings, Partitions & Glass","Acoustic mineral fibre tile 600x600, per m2",m2,9000,7200.0,10800.0,0.05,LOW,,2026-09-29,Desk estimate - no reliable dated 2026 source; verify with 3 supplier quotes,Abuja
M-FIN-35,"Ceilings, Partitions & Glass","Exposed T-grid suspension system, per m2",m2,3500,2800.0,4200.0,0.05,LOW,,2026-09-29,Desk estimate - no reliable dated 2026 source; verify with 3 supplier quotes,Abuja
M-FIN-36,"Ceilings, Partitions & Glass","POP cornice, per m",m,2500,2000.0,3000.0,0.08,LOW,,2026-09-29,Desk estimate - no reliable dated 2026 source; verify with 3 supplier quotes,Abuja
M-FIN-37,"Ceilings, Partitions & Glass","POP fibre (sisal/hemp), per kg",kg,1500,1200.0,1800.0,0.05,LOW,,2026-09-29,Desk estimate - no reliable dated 2026 source; verify with 3 supplier quotes,Abuja
M-FIN-38,"Ceilings, Partitions & Glass","Galvanised drywall stud/channel, 3m",length,2800,2240.0,3360.0,0.05,LOW,,2026-09-29,Desk estimate - no reliable dated 2026 source; verify with 3 supplier quotes,Abuja
M-FIN-39,"Ceilings, Partitions & Glass","Clear float glass 5mm, per m2",m2,14000,11200.0,16800.0,0.1,LOW,,2026-09-29,Desk estimate - no reliable dated 2026 source; verify with 3 supplier quotes,Abuja
M-FIN-40,"Ceilings, Partitions & Glass","Tinted/reflective glass 6mm, per m2",m2,18000,14400.0,21600.0,0.1,LOW,,2026-09-29,Desk estimate - no reliable dated 2026 source; verify with 3 supplier quotes,Abuja
M-FIN-41,"Ceilings, Partitions & Glass","Tempered glass 10mm, per m2",m2,45000,36000.0,54000.0,0.05,LOW,,2026-09-29,Desk estimate - no reliable dated 2026 source; verify with 3 supplier quotes,Abuja
M-FIN-42,"Ceilings, Partitions & Glass","Tempered glass 12mm, per m2",m2,55000,44000.0,66000.0,0.05,LOW,,2026-09-29,Desk estimate - no reliable dated 2026 source; verify with 3 supplier quotes,Abuja
M-FIN-43,"Ceilings, Partitions & Glass","Mirror 5mm, per m2",m2,20000,16000.0,24000.0,0.1,LOW,,2026-09-29,Desk estimate - no reliable dated 2026 source; verify with 3 supplier quotes,Abuja
M-FIN-09,Utilities,"Water, 10,000L tanker delivered",load,35000,28000.0,42000.0,0,LOW,,2026-09-29,Desk estimate - no reliable dated 2026 source; verify with 3 supplier quotes,Abuja
M-FIN-10,Utilities,"Water, per m3",m3,3500.0,2800.0,4200.0,0,LOW,,2026-09-29,Derived by formula,Abuja
M-FIN-44,Utilities,"Grid electricity, Band A commercial, per kWh",kWh,225,180.0,270.0,0,LOW,,2026-09-29,Judgement - verify current NERC Band A tariff,Abuja
M-DW-01,"Doors, Windows, Joinery & Ironmongery",Flush door 900x2100 with hardwood frame & ironmongery (supply),nr,110000,88000.0,132000.0,0,LOW,,2026-09-29,Desk estimate - no reliable dated 2026 source; verify with 3 supplier quotes,Abuja
M-DW-02,"Doors, Windows, Joinery & Ironmongery",Hardwood panel door with frame (supply),nr,260000,208000.0,312000.0,0,LOW,,2026-09-29,Desk estimate - no reliable dated 2026 source; verify with 3 supplier quotes,Abuja
M-DW-03,"Doors, Windows, Joinery & Ironmongery","Steel security door, imported, 1200 (supply)",nr,420000,336000.0,504000.0,0,LOW,,2026-09-29,Desk estimate - no reliable dated 2026 source; verify with 3 supplier quotes,Abuja
M-DW-06,"Doors, Windows, Joinery & Ironmongery",Fire-rated steel door 1hr with frame & closer (supply),nr,950000,760000.0,1140000.0,0,LOW,,2026-09-29,Desk estimate - no reliable dated 2026 source; verify with 3 supplier quotes,Abuja
M-DW-07,"Doors, Windows, Joinery & Ironmongery",Frameless 12mm tempered glass door with patch fittings - supply & fix,m2,180000,144000.0,216000.0,0,LOW,,2026-09-29,Desk estimate - no reliable dated 2026 source; verify with 3 supplier quotes,Abuja
M-DW-08,"Doors, Windows, Joinery & Ironmongery",Aluminium hinged/swing door with glazing - supply & fix,m2,110000,88000.0,132000.0,0,LOW,,2026-09-29,Desk estimate - no reliable dated 2026 source; verify with 3 supplier quotes,Abuja
M-DW-04,"Doors, Windows, Joinery & Ironmongery","Aluminium casement window, 5mm glass & net - supply & fix",m2,95000,75000,120000,0,MEDIUM,2026-08-25,2026-09-29,TilesNg 2026: casement 1.2x1.2m sets N95-130k (~N76k/m2 supply) + fixing,Abuja
M-DW-05,"Doors, Windows, Joinery & Ironmongery",Aluminium sliding window - supply & fix,m2,80000,64000.0,96000.0,0,LOW,,2026-09-29,Desk estimate - no reliable dated 2026 source; verify with 3 supplier quotes,Abuja
M-DW-09,"Doors, Windows, Joinery & Ironmongery","uPVC casement window, double seal - supply & fix",m2,150000,120000.0,180000.0,0,LOW,,2026-09-29,"TilesNg 2026: uPVC casement set N154,000",Abuja
M-DW-10,"Doors, Windows, Joinery & Ironmongery","Stick curtain wall, tinted glass - supply & fix",m2,260000,208000.0,312000.0,0,LOW,,2026-09-29,Desk estimate - no reliable dated 2026 source; verify with 3 supplier quotes,Abuja
M-DW-11,"Doors, Windows, Joinery & Ironmongery",Wrought-iron burglary-proof - supply & fix,m2,35000,28000.0,42000.0,0,LOW,,2026-09-29,Desk estimate - no reliable dated 2026 source; verify with 3 supplier quotes,Abuja
M-DW-12,"Doors, Windows, Joinery & Ironmongery","Fabricated steel gate (sliding/swing), primed & painted",m2,85000,68000.0,102000.0,0,LOW,,2026-09-29,Desk estimate - no reliable dated 2026 source; verify with 3 supplier quotes,Abuja
M-DW-13,"Doors, Windows, Joinery & Ironmongery",Mortice lock set (3-lever),nr,25000,20000.0,30000.0,0,LOW,,2026-09-29,Desk estimate - no reliable dated 2026 source; verify with 3 supplier quotes,Abuja
M-DW-14,"Doors, Windows, Joinery & Ironmongery",Lever handle set,nr,12000,9600.0,14400.0,0,LOW,,2026-09-29,Desk estimate - no reliable dated 2026 source; verify with 3 supplier quotes,Abuja
M-DW-15,"Doors, Windows, Joinery & Ironmongery","Steel butt hinges 100mm, pair",pair,3500,2800.0,4200.0,0,LOW,,2026-09-29,Desk estimate - no reliable dated 2026 source; verify with 3 supplier quotes,Abuja
M-DW-16,"Doors, Windows, Joinery & Ironmongery",Overhead door closer,nr,25000,20000.0,30000.0,0,LOW,,2026-09-29,Desk estimate - no reliable dated 2026 source; verify with 3 supplier quotes,Abuja
M-DW-17,"Doors, Windows, Joinery & Ironmongery",Panic exit bar,nr,85000,68000.0,102000.0,0,LOW,,2026-09-29,Desk estimate - no reliable dated 2026 source; verify with 3 supplier quotes,Abuja
M-DW-18,"Doors, Windows, Joinery & Ironmongery","Built-in wardrobe (MDF/laminate), per m2 face",m2,95000,76000.0,114000.0,0,LOW,,2026-09-29,Desk estimate - no reliable dated 2026 source; verify with 3 supplier quotes,Abuja
M-DW-19,"Doors, Windows, Joinery & Ironmongery","Kitchen base cabinets, per m run",m,280000,224000.0,336000.0,0,LOW,,2026-09-29,Desk estimate - no reliable dated 2026 source; verify with 3 supplier quotes,Abuja
M-DW-20,"Doors, Windows, Joinery & Ironmongery","Kitchen wall cabinets, per m run",m,200000,160000.0,240000.0,0,LOW,,2026-09-29,Desk estimate - no reliable dated 2026 source; verify with 3 supplier quotes,Abuja
M-DW-21,"Doors, Windows, Joinery & Ironmongery","Granite kitchen worktop incl. cut-outs, per m",m,120000,96000.0,144000.0,0,LOW,,2026-09-29,Desk estimate - no reliable dated 2026 source; verify with 3 supplier quotes,Abuja
M-EL-11,Electrical,"1.0mm2 single-core Cu cable, 100m coil",coil,40000,32000.0,48000.0,0.05,LOW,,2026-09-29,Online lists (N13-28k) carry 2023 prices - not reliable,Abuja
M-EL-01,Electrical,"1.5mm2 single-core Cu cable, 100m coil",coil,55000,44000.0,66000.0,0.05,LOW,,2026-09-29,Online lists carry 2023 prices - verify,Abuja
M-EL-02,Electrical,"2.5mm2 single-core Cu cable, 100m coil",coil,77000,65500,77000,0.05,MEDIUM,2026-02-18,2026-10-06,"Alabastore (Nigerian retailer, listing dated 18 Feb 2026): Coleman 2.5mm2 100m N77,000 list, N65,500 promo",Abuja
M-EL-03,Electrical,"4mm2 single-core Cu cable, 100m coil",coil,135000,108000.0,162000.0,0.05,LOW,,2026-09-29,Desk estimate - no reliable dated 2026 source; verify with 3 supplier quotes,Abuja
M-EL-04,Electrical,"6mm2 single-core Cu cable, 100m coil",coil,200000,160000.0,240000.0,0.05,LOW,,2026-09-29,Desk estimate - no reliable dated 2026 source; verify with 3 supplier quotes,Abuja
M-EL-12,Electrical,"10mm2 single-core Cu cable, per m",m,3500,2800.0,4200.0,0.05,LOW,,2026-09-29,Desk estimate - no reliable dated 2026 source; verify with 3 supplier quotes,Abuja
M-EL-13,Electrical,"16mm2 4-core armoured Cu cable, per m",m,22000,17600.0,26400.0,0.03,LOW,,2026-09-29,"Nigerchin list (2023) N9,870/m uplifted for copper & FX",Abuja
M-EL-14,Electrical,"25mm2 4-core armoured Cu cable, per m",m,35000,28000.0,42000.0,0.03,LOW,,2026-09-29,Desk estimate - no reliable dated 2026 source; verify with 3 supplier quotes,Abuja
M-EL-15,Electrical,"35mm2 4-core armoured Cu cable, per m",m,48000,38400.0,57600.0,0.03,LOW,,2026-09-29,Desk estimate - no reliable dated 2026 source; verify with 3 supplier quotes,Abuja
M-EL-16,Electrical,"50mm2 4-core armoured Cu cable, per m",m,68000,54400.0,81600.0,0.03,LOW,,2026-09-29,Desk estimate - no reliable dated 2026 source; verify with 3 supplier quotes,Abuja
M-EL-17,Electrical,"70mm2 4-core armoured Cu cable, per m",m,95000,76000.0,114000.0,0.03,LOW,,2026-09-29,Desk estimate - no reliable dated 2026 source; verify with 3 supplier quotes,Abuja
M-EL-18,Electrical,"2.5mm2 3-core flex, per m",m,1800,1440.0,2160.0,0.05,LOW,,2026-09-29,Desk estimate - no reliable dated 2026 source; verify with 3 supplier quotes,Abuja
M-EL-19,Electrical,"Cat6 data cable, 305m box",box,95000,76000.0,114000.0,0.05,LOW,,2026-09-29,Desk estimate - no reliable dated 2026 source; verify with 3 supplier quotes,Abuja
M-EL-05,Electrical,"20mm PVC conduit, 3m",length,1000,800.0,1200.0,0.1,LOW,,2026-09-29,Desk estimate - no reliable dated 2026 source; verify with 3 supplier quotes,Abuja
M-EL-20,Electrical,"25mm PVC conduit, 3m",length,1400,1120.0,1680.0,0.1,LOW,,2026-09-29,Desk estimate - no reliable dated 2026 source; verify with 3 supplier quotes,Abuja
M-EL-21,Electrical,"PVC trunking 50x50, 3m",length,4500,3600.0,5400.0,0.05,LOW,,2026-09-29,Desk estimate - no reliable dated 2026 source; verify with 3 supplier quotes,Abuja
M-EL-22,Electrical,"Perforated cable tray 300mm, 3m",length,35000,28000.0,42000.0,0.05,LOW,,2026-09-29,Desk estimate - no reliable dated 2026 source; verify with 3 supplier quotes,Abuja
M-EL-06,Electrical,"Conduit accessories per point (box, bends, saddles)",set,1500,1200.0,1800.0,0,LOW,,2026-09-29,Desk estimate - no reliable dated 2026 source; verify with 3 supplier quotes,Abuja
M-EL-07,Electrical,"1-gang 1-way switch, mid-range",nr,3000,2400.0,3600.0,0,LOW,,2026-09-29,Desk estimate - no reliable dated 2026 source; verify with 3 supplier quotes,Abuja
M-EL-23,Electrical,2-gang switch,nr,4000,3200.0,4800.0,0,LOW,,2026-09-29,Desk estimate - no reliable dated 2026 source; verify with 3 supplier quotes,Abuja
M-EL-08,Electrical,13A twin switched socket,nr,4500,3600.0,5400.0,0,LOW,,2026-09-29,Desk estimate - no reliable dated 2026 source; verify with 3 supplier quotes,Abuja
M-EL-24,Electrical,15A socket outlet (AC/cooker),nr,5500,4400.0,6600.0,0,LOW,,2026-09-29,Desk estimate - no reliable dated 2026 source; verify with 3 supplier quotes,Abuja
M-EL-25,Electrical,45A cooker control unit,nr,12000,9600.0,14400.0,0,LOW,,2026-09-29,Desk estimate - no reliable dated 2026 source; verify with 3 supplier quotes,Abuja
M-EL-26,Electrical,Fused spur unit,nr,6000,4800.0,7200.0,0,LOW,,2026-09-29,Desk estimate - no reliable dated 2026 source; verify with 3 supplier quotes,Abuja
M-EL-27,Electrical,Distribution board 8-way SPN (empty),nr,35000,28000.0,42000.0,0,LOW,,2026-09-29,Desk estimate - no reliable dated 2026 source; verify with 3 supplier quotes,Abuja
M-EL-28,Electrical,Distribution board 12-way TPN (empty),nr,85000,68000.0,102000.0,0,LOW,,2026-09-29,Desk estimate - no reliable dated 2026 source; verify with 3 supplier quotes,Abuja
M-EL-29,Electrical,MCB single-pole 6-63A,nr,4500,3600.0,5400.0,0,LOW,,2026-09-29,Desk estimate - no reliable dated 2026 source; verify with 3 supplier quotes,Abuja
M-EL-30,Electrical,RCBO 32A 30mA,nr,22000,17600.0,26400.0,0,LOW,,2026-09-29,Desk estimate - no reliable dated 2026 source; verify with 3 supplier quotes,Abuja
M-EL-31,Electrical,MCCB 100A triple-pole,nr,95000,76000.0,114000.0,0,LOW,,2026-09-29,Desk estimate - no reliable dated 2026 source; verify with 3 supplier quotes,Abuja
M-EL-32,Electrical,Manual changeover switch 100A 4-pole,nr,75000,60000.0,90000.0,0,LOW,,2026-09-29,Desk estimate - no reliable dated 2026 source; verify with 3 supplier quotes,Abuja
M-EL-33,Electrical,Automatic transfer switch 100A,nr,450000,360000.0,540000.0,0,LOW,,2026-09-29,Desk estimate - no reliable dated 2026 source; verify with 3 supplier quotes,Abuja
M-EL-34,Electrical,Copper-bonded earth rod 1.2m with clamp,nr,18000,14400.0,21600.0,0,LOW,,2026-09-29,Desk estimate - no reliable dated 2026 source; verify with 3 supplier quotes,Abuja
M-EL-09,Electrical,LED downlight 12W,nr,4500,3600.0,5400.0,0,LOW,,2026-09-29,Desk estimate - no reliable dated 2026 source; verify with 3 supplier quotes,Abuja
M-EL-35,Electrical,LED panel 600x600 40W,nr,18000,14400.0,21600.0,0,LOW,,2026-09-29,Desk estimate - no reliable dated 2026 source; verify with 3 supplier quotes,Abuja
M-EL-36,Electrical,LED batten 1200mm,nr,7000,5600.0,8400.0,0,LOW,,2026-09-29,Desk estimate - no reliable dated 2026 source; verify with 3 supplier quotes,Abuja
M-EL-37,Electrical,LED flood light 100W,nr,25000,20000.0,30000.0,0,LOW,,2026-09-29,Desk estimate - no reliable dated 2026 source; verify with 3 supplier quotes,Abuja
M-EL-38,Electrical,Wall bracket light,nr,12000,9600.0,14400.0,0,LOW,,2026-09-29,Desk estimate - no reliable dated 2026 source; verify with 3 supplier quotes,Abuja
M-EL-39,Electrical,Emergency light (maintained),nr,15000,12000.0,18000.0,0,LOW,,2026-09-29,Desk estimate - no reliable dated 2026 source; verify with 3 supplier quotes,Abuja
M-EL-40,Electrical,Illuminated exit sign,nr,18000,14400.0,21600.0,0,LOW,,2026-09-29,Desk estimate - no reliable dated 2026 source; verify with 3 supplier quotes,Abuja
M-EL-41,Electrical,LED street light 100W with 8m galvanised pole (supply),nr,380000,304000.0,456000.0,0,LOW,,2026-09-29,Desk estimate - no reliable dated 2026 source; verify with 3 supplier quotes,Abuja
M-EL-42,Electrical,"Ceiling fan 56""",nr,45000,36000.0,54000.0,0,LOW,,2026-09-29,Desk estimate - no reliable dated 2026 source; verify with 3 supplier quotes,Abuja
M-EL-43,Electrical,"Extractor fan 6""",nr,18000,14400.0,21600.0,0,LOW,,2026-09-29,Desk estimate - no reliable dated 2026 source; verify with 3 supplier quotes,Abuja
M-EL-44,Electrical,Smoke detector (standalone),nr,12000,9600.0,14400.0,0,LOW,,2026-09-29,Desk estimate - no reliable dated 2026 source; verify with 3 supplier quotes,Abuja
M-EL-45,Electrical,Split AC 1.5HP inverter (supply),nr,650000,520000.0,780000.0,0,LOW,,2026-09-29,Desk estimate - no reliable dated 2026 source; verify with 3 supplier quotes,Abuja
M-EL-46,Electrical,Split AC 2HP inverter (supply),nr,850000,680000.0,1020000.0,0,LOW,,2026-09-29,Desk estimate - no reliable dated 2026 source; verify with 3 supplier quotes,Abuja
M-EL-47,Electrical,"AC copper pipe set with insulation, per m",m,6500,5200.0,7800.0,0.05,LOW,,2026-09-29,Desk estimate - no reliable dated 2026 source; verify with 3 supplier quotes,Abuja
M-EL-48,Electrical,Electric water heater 50L,nr,150000,120000.0,180000.0,0,LOW,,2026-09-29,Desk estimate - no reliable dated 2026 source; verify with 3 supplier quotes,Abuja
M-EL-49,Electrical,Solar panel 550W mono,nr,140000,115000,165000,0,MEDIUM,2026-09-20,2026-09-29,"PVPro Nigeria, 'Solar Equipment Prices Lagos September 2026' (20 Sep 2026): 550W N115-165k",Abuja
M-EL-50,Electrical,Hybrid inverter 5kVA/48V,nr,500000,350000,650000,0,MEDIUM,2026-09-20,2026-09-29,"PVPro Nigeria, 'Solar Equipment Prices Lagos September 2026' (20 Sep 2026): 5kVA hybrid N350-650k",Abuja
M-EL-51,Electrical,Hybrid inverter 11kVA,nr,1716000,1510100.0,1921900.0,0,MEDIUM,2026-09-20,2026-09-29,"PVPro Nigeria, 'Solar Equipment Prices Lagos September 2026' (20 Sep 2026): 11kVA N1,716,000",Abuja
M-EL-52,Electrical,LiFePO4 battery 5kWh 48V,nr,1500000,995000,2148000,0,MEDIUM,2026-09-20,2026-09-29,"PVPro Nigeria, 'Solar Equipment Prices Lagos September 2026' (20 Sep 2026): 5kWh 48V N995k-2.15m",Abuja
M-EL-53,Electrical,LiFePO4 battery 15kWh 48V,nr,2700000,2300000,3100000,0,MEDIUM,2026-09-20,2026-09-29,"PVPro Nigeria, 'Solar Equipment Prices Lagos September 2026' (20 Sep 2026): 15kWh N2.3-3.1m",Abuja
M-EL-54,Electrical,Tubular battery 200Ah,nr,175000,154000.0,196000.0,0,MEDIUM,2026-09-20,2026-09-29,"PVPro Nigeria, 'Solar Equipment Prices Lagos September 2026' (20 Sep 2026): from N155,000",Abuja
M-EL-55,Electrical,"PV mounting rail & clamps, per panel",set,25000,20000.0,30000.0,0,LOW,,2026-09-29,Desk estimate - no reliable dated 2026 source; verify with 3 supplier quotes,Abuja
M-EL-56,Electrical,"Solar DC cable 6mm2, per m",m,1200,960.0,1440.0,0.05,LOW,,2026-09-29,Desk estimate - no reliable dated 2026 source; verify with 3 supplier quotes,Abuja
M-EL-57,Electrical,Concrete electric pole 9m,nr,185000,148000.0,222000.0,0,LOW,,2026-09-29,Desk estimate - no reliable dated 2026 source; verify with 3 supplier quotes,Abuja
M-EL-58,Electrical,Distribution transformer 300kVA 11/0.415kV (supply),nr,45000000,36000000.0,54000000.0,0,LOW,,2026-09-29,Desk estimate - no reliable dated 2026 source; verify with 3 supplier quotes,Abuja
M-EL-59,Electrical,Distribution transformer 500kVA 11/0.415kV (supply),nr,62000000,49600000.0,74400000.0,0,LOW,,2026-09-29,Desk estimate - no reliable dated 2026 source; verify with 3 supplier quotes,Abuja
M-EL-60,Electrical,Diesel generator 60kVA soundproof (supply),nr,28000000,22400000.0,33600000.0,0,LOW,,2026-09-29,Desk estimate - no reliable dated 2026 source; verify with 3 supplier quotes,Abuja
M-PL-01,"Plumbing, Sanitary & Water","PPR pipe 20mm, 4m",length,3800,3040.0,4560.0,0.05,LOW,,2026-09-29,Desk estimate - no reliable dated 2026 source; verify with 3 supplier quotes,Abuja
M-PL-07,"Plumbing, Sanitary & Water","PPR pipe 25mm, 4m",length,5500,4400.0,6600.0,0.05,LOW,,2026-09-29,Desk estimate - no reliable dated 2026 source; verify with 3 supplier quotes,Abuja
M-PL-08,"Plumbing, Sanitary & Water","PPR pipe 32mm, 4m",length,8500,6800.0,10200.0,0.05,LOW,,2026-09-29,Desk estimate - no reliable dated 2026 source; verify with 3 supplier quotes,Abuja
M-PL-09,"Plumbing, Sanitary & Water","PPR pipe 50mm, 4m",length,20000,16000.0,24000.0,0.05,LOW,,2026-09-29,Desk estimate - no reliable dated 2026 source; verify with 3 supplier quotes,Abuja
M-PL-10,"Plumbing, Sanitary & Water","PPR fittings allowance, per water point",set,6000,4800.0,7200.0,0,LOW,,2026-09-29,Desk estimate - no reliable dated 2026 source; verify with 3 supplier quotes,Abuja
M-PL-11,"Plumbing, Sanitary & Water","uPVC pressure pipe 1/2"", 5.8m",length,2800,2240.0,3360.0,0.05,LOW,,2026-09-29,Desk estimate - no reliable dated 2026 source; verify with 3 supplier quotes,Abuja
M-PL-12,"Plumbing, Sanitary & Water","uPVC pressure pipe 1"", 5.8m",length,5500,4400.0,6600.0,0.05,LOW,,2026-09-29,Desk estimate - no reliable dated 2026 source; verify with 3 supplier quotes,Abuja
M-PL-13,"Plumbing, Sanitary & Water","uPVC pressure pipe 2"", 5.8m",length,12000,9600.0,14400.0,0.05,LOW,,2026-09-29,Desk estimate - no reliable dated 2026 source; verify with 3 supplier quotes,Abuja
M-PL-14,"Plumbing, Sanitary & Water","uPVC waste pipe 50mm, 5.8m",length,6500,5200.0,7800.0,0.05,LOW,,2026-09-29,Desk estimate - no reliable dated 2026 source; verify with 3 supplier quotes,Abuja
M-PL-15,"Plumbing, Sanitary & Water","uPVC soil pipe 75mm, 5.8m",length,11000,8800.0,13200.0,0.05,LOW,,2026-09-29,Desk estimate - no reliable dated 2026 source; verify with 3 supplier quotes,Abuja
M-PL-02,"Plumbing, Sanitary & Water","uPVC soil pipe 110mm, 5.8m",length,19000,15200.0,22800.0,0.05,LOW,,2026-09-29,Desk estimate - no reliable dated 2026 source; verify with 3 supplier quotes,Abuja
M-PL-16,"Plumbing, Sanitary & Water","uPVC drain pipe 160mm, 5.8m",length,38000,30400.0,45600.0,0.05,LOW,,2026-09-29,Desk estimate - no reliable dated 2026 source; verify with 3 supplier quotes,Abuja
M-PL-17,"Plumbing, Sanitary & Water",uPVC 110mm bend/junction,nr,3500,2800.0,4200.0,0,LOW,,2026-09-29,Desk estimate - no reliable dated 2026 source; verify with 3 supplier quotes,Abuja
M-PL-18,"Plumbing, Sanitary & Water","Brass gate valve 1""",nr,12000,9600.0,14400.0,0,LOW,,2026-09-29,Desk estimate - no reliable dated 2026 source; verify with 3 supplier quotes,Abuja
M-PL-19,"Plumbing, Sanitary & Water","Ball valve 3/4""",nr,6000,4800.0,7200.0,0,LOW,,2026-09-29,Desk estimate - no reliable dated 2026 source; verify with 3 supplier quotes,Abuja
M-PL-20,"Plumbing, Sanitary & Water","Float valve 3/4""",nr,9000,7200.0,10800.0,0,LOW,,2026-09-29,Desk estimate - no reliable dated 2026 source; verify with 3 supplier quotes,Abuja
M-PL-21,"Plumbing, Sanitary & Water",Pillar/bib tap,nr,9000,7200.0,10800.0,0,LOW,,2026-09-29,Desk estimate - no reliable dated 2026 source; verify with 3 supplier quotes,Abuja
M-PL-22,"Plumbing, Sanitary & Water",Floor drain / gully trap,nr,6000,4800.0,7200.0,0,LOW,,2026-09-29,Desk estimate - no reliable dated 2026 source; verify with 3 supplier quotes,Abuja
M-PL-23,"Plumbing, Sanitary & Water","WC suite, economy",nr,75000,60000.0,90000.0,0,LOW,,2026-09-29,Desk estimate - no reliable dated 2026 source; verify with 3 supplier quotes,Abuja
M-PL-03,"Plumbing, Sanitary & Water","WC suite, close-coupled, mid-range",nr,125000,100000.0,150000.0,0,LOW,,2026-09-29,Desk estimate - no reliable dated 2026 source; verify with 3 supplier quotes,Abuja
M-PL-24,"Plumbing, Sanitary & Water","WC one-piece, premium",nr,350000,280000.0,420000.0,0,LOW,,2026-09-29,Desk estimate - no reliable dated 2026 source; verify with 3 supplier quotes,Abuja
M-PL-25,"Plumbing, Sanitary & Water","Wash hand basin, economy, with pillar taps",nr,45000,36000.0,54000.0,0,LOW,,2026-09-29,Desk estimate - no reliable dated 2026 source; verify with 3 supplier quotes,Abuja
M-PL-04,"Plumbing, Sanitary & Water",Wash hand basin with pedestal & mixer,nr,85000,68000.0,102000.0,0,LOW,,2026-09-29,Desk estimate - no reliable dated 2026 source; verify with 3 supplier quotes,Abuja
M-PL-26,"Plumbing, Sanitary & Water",Counter-top basin with mixer,nr,90000,72000.0,108000.0,0,LOW,,2026-09-29,Desk estimate - no reliable dated 2026 source; verify with 3 supplier quotes,Abuja
M-PL-27,"Plumbing, Sanitary & Water",Urinal bowl with flush valve,nr,120000,96000.0,144000.0,0,LOW,,2026-09-29,Desk estimate - no reliable dated 2026 source; verify with 3 supplier quotes,Abuja
M-PL-05,"Plumbing, Sanitary & Water","Stainless kitchen sink, single bowl, with mixer",nr,70000,56000.0,84000.0,0,LOW,,2026-09-29,Desk estimate - no reliable dated 2026 source; verify with 3 supplier quotes,Abuja
M-PL-28,"Plumbing, Sanitary & Water","Stainless kitchen sink, double bowl, with mixer",nr,110000,88000.0,132000.0,0,LOW,,2026-09-29,Desk estimate - no reliable dated 2026 source; verify with 3 supplier quotes,Abuja
M-PL-29,"Plumbing, Sanitary & Water",Acrylic bathtub 1.7m with mixer,nr,280000,224000.0,336000.0,0,LOW,,2026-09-29,Desk estimate - no reliable dated 2026 source; verify with 3 supplier quotes,Abuja
M-PL-30,"Plumbing, Sanitary & Water",Shower mixer set with head,nr,55000,44000.0,66000.0,0,LOW,,2026-09-29,Desk estimate - no reliable dated 2026 source; verify with 3 supplier quotes,Abuja
M-PL-31,"Plumbing, Sanitary & Water","Polyethylene water tank 1,000L",nr,140000,120000,160000,0,MEDIUM,2026-09-29,2026-09-29,Jiji.ng GeePee tank listings (Sep 2026): N120-160k,Abuja
M-PL-32,"Plumbing, Sanitary & Water","Polyethylene water tank 1,500L",nr,168000,147800.0,188200.0,0,MEDIUM,2026-09-29,2026-09-29,Jiji.ng GeePee tank listings (Sep 2026): N165-170k,Abuja
M-PL-06,"Plumbing, Sanitary & Water","Polyethylene water tank 2,000L",nr,260000,230000,290000,0,MEDIUM,2026-09-29,2026-09-29,Jiji.ng GeePee tank listings (Sep 2026): N230-290k,Abuja
M-PL-33,"Plumbing, Sanitary & Water","Polyethylene water tank 3,000L",nr,320000,281600.0,358400.0,0,MEDIUM,2026-09-29,2026-09-29,Jiji.ng GeePee tank listings (Sep 2026): N310-330k,Abuja
M-PL-34,"Plumbing, Sanitary & Water","Polyethylene water tank 4,000L",nr,370000,325600.0,414400.0,0,MEDIUM,2026-09-29,2026-09-29,Jiji.ng GeePee tank listings (Sep 2026): N370k,Abuja
M-PL-35,"Plumbing, Sanitary & Water","Polyethylene water tank 5,000L",nr,650000,572000.0,728000.0,0,MEDIUM,2026-09-29,2026-09-29,Jiji.ng GeePee tank listings (Sep 2026): N650k,Abuja
M-PL-36,"Plumbing, Sanitary & Water","Polyethylene water tank 10,000L",nr,1555000,1368400.0,1741600.0,0,MEDIUM,2026-09-29,2026-09-29,"Jiji.ng GeePee tank listings (Sep 2026): N1,555,000",Abuja
M-PL-37,"Plumbing, Sanitary & Water",Surface water pump 1HP,nr,95000,76000.0,114000.0,0,LOW,,2026-09-29,Desk estimate - no reliable dated 2026 source; verify with 3 supplier quotes,Abuja
M-PL-38,"Plumbing, Sanitary & Water",Submersible borehole pump 1.5HP (supply),nr,380000,334400.0,425600.0,0,MEDIUM,2026-07-04,2026-09-29,Skillland Nigeria borehole cost guide (updated 4 Jul 2026): pump supply & install N180-600k,Abuja
M-PL-39,"Plumbing, Sanitary & Water",Booster pressure pump set,nr,250000,200000.0,300000.0,0,LOW,,2026-09-29,Desk estimate - no reliable dated 2026 source; verify with 3 supplier quotes,Abuja
M-PL-40,"Plumbing, Sanitary & Water","Cast-iron manhole cover & frame, medium duty",nr,55000,44000.0,66000.0,0,LOW,,2026-09-29,Desk estimate - no reliable dated 2026 source; verify with 3 supplier quotes,Abuja
M-PL-41,"Plumbing, Sanitary & Water","Borehole drilling, Abuja basement rock, per m (subcontract)",m,22000,15000,25000,0,MEDIUM,2026-07-04,2026-09-29,Skillland Nigeria borehole cost guide (updated 4 Jul 2026): N15-25k/m; FCT 60-150m hard rock,Abuja
M-PL-42,"Plumbing, Sanitary & Water","uPVC borehole casing 125mm, 5.8m",length,18000,14400.0,21600.0,0.05,LOW,,2026-09-29,Desk estimate - no reliable dated 2026 source; verify with 3 supplier quotes,Abuja
M-PL-43,"Plumbing, Sanitary & Water",Geophysical (VES) survey,nr,100000,88000.0,112000.0,0,MEDIUM,2026-07-04,2026-09-29,Skillland Nigeria borehole cost guide (updated 4 Jul 2026): N50-150k,Abuja
M-PL-44,"Plumbing, Sanitary & Water",Steel tank stand 6m high (fabricated & erected),nr,350000,308000.0,392000.0,0,MEDIUM,2026-07-04,2026-09-29,Skillland Nigeria borehole cost guide (updated 4 Jul 2026): N120-400k,Abuja
M-RD-01,Roads & External Works,"Bitumen 60/70 penetration grade, per tonne",t,1350000,1188000.0,1512000.0,0.02,MEDIUM,2024-04-15,2026-09-29,Nairaland (Apr 2024) N1.29-1.3m/t; Petra Oil 2026 CIF W. Africa ~US$540/t + duty/haulage,Abuja
M-RD-02,Roads & External Works,"MC-30 cutback bitumen, 200L drum",drum,290000,232000.0,348000.0,0,LOW,,2026-09-29,Desk estimate - no reliable dated 2026 source; verify with 3 supplier quotes,Abuja
M-RD-03,Roads & External Works,"MC-30 cutback, per litre",L,1450.0,1160.0,1740.0,0.05,LOW,,2026-09-29,Derived by formula,Abuja
M-RD-04,Roads & External Works,"Bitumen emulsion (tack coat), 200L drum",drum,220000,176000.0,264000.0,0,LOW,,2026-09-29,Desk estimate - no reliable dated 2026 source; verify with 3 supplier quotes,Abuja
M-RD-05,Roads & External Works,"Bitumen emulsion, per litre",L,1100.0,880.0,1320.0,0.05,LOW,,2026-09-29,Derived by formula,Abuja
M-RD-06,Roads & External Works,"Asphalt concrete wearing course, ex-plant, per tonne",t,160000,128000.0,192000.0,0.03,LOW,2024-04-15,2026-09-29,Nairaland Apr 2024 Abuja/Lagos N120.5-121.5k/t; uplifted for diesel +45% & granite since,Abuja
M-RD-07,Roads & External Works,"Asphalt concrete binder course, ex-plant, per tonne",t,152000,121600.0,182400.0,0.03,LOW,2024-04-15,2026-09-29,Nairaland Apr 2024 N115.5-118.5k/t; uplifted,Abuja
M-RD-08,Roads & External Works,"Thermoplastic road-marking material, per kg",kg,1800,1440.0,2160.0,0.05,LOW,,2026-09-29,Desk estimate - no reliable dated 2026 source; verify with 3 supplier quotes,Abuja
M-RD-09,Roads & External Works,Road stud (cat's eye),nr,3500,2800.0,4200.0,0,LOW,,2026-09-29,Desk estimate - no reliable dated 2026 source; verify with 3 supplier quotes,Abuja
M-RD-10,Roads & External Works,Traffic sign with post (supply),nr,180000,144000.0,216000.0,0,LOW,,2026-09-29,Desk estimate - no reliable dated 2026 source; verify with 3 supplier quotes,Abuja
M-RD-11,Roads & External Works,"W-beam guard rail with posts, per m",m,45000,36000.0,54000.0,0,LOW,,2026-09-29,Desk estimate - no reliable dated 2026 source; verify with 3 supplier quotes,Abuja
M-RD-12,Roads & External Works,"Carpet grass, per m2",m2,1500,1200.0,1800.0,0.05,LOW,,2026-09-29,Desk estimate - no reliable dated 2026 source; verify with 3 supplier quotes,Abuja
M-RD-13,Roads & External Works,Tree/shrub seedling,nr,5000,4000.0,6000.0,0.05,LOW,,2026-09-29,Desk estimate - no reliable dated 2026 source; verify with 3 supplier quotes,Abuja
M-CON-06,Concrete Supply & Site Sundries,"Ready-mix C20/25, delivered Abuja (ex-pump)",m3,150000,120000.0,180000.0,0.02,LOW,,2026-09-29,"Jiji 2026 Ikorodu: C15 N124,000/m3 ex-VAT; grades derived",Abuja
M-CON-04,Concrete Supply & Site Sundries,"Ready-mix C25/30, delivered Abuja (ex-pump)",m3,165000,132000.0,198000.0,0.02,LOW,2026-09-01,2026-09-29,"Jiji 2026: C15 N124,000/m3 ex-VAT; C25 ~+30%",Abuja
M-CON-07,Concrete Supply & Site Sundries,"Ready-mix C30/37, delivered Abuja (ex-pump)",m3,178000,142400.0,213600.0,0.02,LOW,,2026-09-29,Desk estimate - no reliable dated 2026 source; verify with 3 supplier quotes,Abuja
M-CON-08,Concrete Supply & Site Sundries,"Ready-mix C35/45, delivered Abuja (ex-pump)",m3,192000,153600.0,230400.0,0.02,LOW,,2026-09-29,Desk estimate - no reliable dated 2026 source; verify with 3 supplier quotes,Abuja
M-CON-09,Concrete Supply & Site Sundries,"Ready-mix C40/50, delivered Abuja (ex-pump)",m3,210000,168000.0,252000.0,0.02,LOW,,2026-09-29,Desk estimate - no reliable dated 2026 source; verify with 3 supplier quotes,Abuja
M-CON-05,Concrete Supply & Site Sundries,"Concrete pump hire, per pour (<=60 m3)",pour,380000,304000.0,456000.0,0,LOW,,2026-09-29,Desk estimate - no reliable dated 2026 source; verify with 3 supplier quotes,Abuja
M-CON-01,Concrete Supply & Site Sundries,"DPM polythene 1000g, 4m x 50m roll",roll,55000,44000.0,66000.0,0,LOW,,2026-09-29,Desk estimate - no reliable dated 2026 source; verify with 3 supplier quotes,Abuja
M-CON-02,Concrete Supply & Site Sundries,"DPM polythene, per m2",m2,275.0,220.0,330.0,0.1,LOW,,2026-09-29,Derived by formula,Abuja
M-CON-03,Concrete Supply & Site Sundries,"Anti-termite chemical, per litre",L,13000,10400.0,15600.0,0.05,LOW,,2026-09-29,Desk estimate - no reliable dated 2026 source; verify with 3 supplier quotes,Abuja
M-CON-10,Concrete Supply & Site Sundries,"Formwork release oil, per litre",L,2500,2000.0,3000.0,0.05,LOW,,2026-09-29,Desk estimate - no reliable dated 2026 source; verify with 3 supplier quotes,Abuja
M-CON-11,Concrete Supply & Site Sundries,"Hessian/curing mat, per m2",m2,800,640.0,960.0,0.1,LOW,,2026-09-29,Desk estimate - no reliable dated 2026 source; verify with 3 supplier quotes,Abuja
M-CON-12,Concrete Supply & Site Sundries,"Scaffold safety net, per m2",m2,1500,1200.0,1800.0,0.1,LOW,,2026-09-29,Desk estimate - no reliable dated 2026 source; verify with 3 supplier quotes,Abuja
M-CON-13,Concrete Supply & Site Sundries,"Corrugated galvanised sheet for hoarding, per sheet",sheet,9500,7600.0,11400.0,0.05,LOW,,2026-09-29,Desk estimate - no reliable dated 2026 source; verify with 3 supplier quotes,Abuja
M-CON-14,Concrete Supply & Site Sundries,Safety helmet,nr,5000,4000.0,6000.0,0,LOW,,2026-09-29,Desk estimate - no reliable dated 2026 source; verify with 3 supplier quotes,Abuja
M-CON-15,Concrete Supply & Site Sundries,Safety boots,pair,22000,17600.0,26400.0,0,LOW,,2026-09-29,Desk estimate - no reliable dated 2026 source; verify with 3 supplier quotes,Abuja
M-CON-16,Concrete Supply & Site Sundries,Hi-vis vest,nr,3000,2400.0,3600.0,0,LOW,,2026-09-29,Desk estimate - no reliable dated 2026 source; verify with 3 supplier quotes,Abuja
M-CON-17,Concrete Supply & Site Sundries,Full-body harness with lanyard,nr,45000,36000.0,54000.0,0,LOW,,2026-09-29,Desk estimate - no reliable dated 2026 source; verify with 3 supplier quotes,Abuja
M-CON-18,Concrete Supply & Site Sundries,Project signboard (fabricated & erected),nr,150000,120000.0,180000.0,0,LOW,,2026-09-29,Desk estimate - no reliable dated 2026 source; verify with 3 supplier quotes,Abuja
M-CON-19,Concrete Supply & Site Sundries,"20ft container (purchase, converted office)",nr,5500000,4400000.0,6600000.0,0,LOW,,2026-09-29,Desk estimate - no reliable dated 2026 source; verify with 3 supplier quotes,Abuja
M-FUE-01,Fuel & Lubricants,"Diesel (AGO), pump price, per litre",L,1870,1780,1950,0,MEDIUM,2026-10-05,2026-10-06,"Legit 1 Oct 2026: Dangote AGO gantry N1,850 -> N1,780, Lagos depots N1,795-1,890; DailyFuels 5 Oct nat. pump avg N1,811 (Sep N1,834). Abuja pump adopted",Abuja
M-FUE-02,Fuel & Lubricants,"Petrol (PMS), pump price, per litre",L,1385,1370,1430,0,HIGH,2026-10-05,2026-10-06,"Abuja: NNPC N1,370 (Legit, 1 Oct 2026); AA Rano/Ranoil N1,400, range N1,370-1,430 (Zalebs 3 Oct, Legit 5 Oct 2026)",Abuja
M-FUE-03,Fuel & Lubricants,"LPG (cooking/torching gas), per kg",kg,1100,990,1150,0,MEDIUM,2026-10-05,2026-10-06,"Legit 5 Oct 2026: depot LPG N990 (Dangote) - N1,150/kg (Nipco, AYM Shafa); retail N1,300-1,600/kg (Oyo-Lagos)",Abuja
M-FUE-04,Fuel & Lubricants,"Engine oil, per litre",L,5500,4400.0,6600.0,0,LOW,,2026-09-29,Desk estimate - no reliable dated 2026 source; verify with 3 supplier quotes,Abuja
M-FX-USD,Exchange Rate (Imported Items),Naira per US dollar (CBN NFEM) - drives all imported-item prices,USD,1333,1328,1333,0,HIGH,2026-10-06,2026-10-06,"CBN NFEM N1,332.90/$ (Vanguard, 6 Oct 2026); N1,328.17 (WithinNigeria, 2 Oct 2026)",Abuja
M-OG-LPT,"Oil & Gas: Line Pipe, Fittings & Valves","API 5L X52 PSL2 line pipe (ERW/LSAW), bare, per tonne",t,1866200.0,1642256.0,2090144.0,0.02,MEDIUM,,2026-10-01,"Dexin, 'API 5L pipe price list 2026' (26 Jan 2026): X52 US$900-1,100/t, X65 US$1,200-1,450/t x 1.40 landed",Abuja
M-OG-LPT65,"Oil & Gas: Line Pipe, Fittings & Valves","API 5L X65 PSL2 line pipe, bare, per tonne",t,2472715.0,2175989.2,2769440.8,0.02,MEDIUM,,2026-10-01,"Dexin, 'API 5L pipe price list 2026' (26 Jan 2026): X52 US$900-1,100/t, X65 US$1,200-1,450/t x 1.40 landed",Abuja
M-OG-SMLS,"Oil & Gas: Line Pipe, Fittings & Valves","ASTM A106 Gr.B seamless pipe, per tonne",t,2705990.0,2164792.0,3247188.0,0.03,LOW,,2026-10-01,"Desk estimate US$1,450.00 FOB x 1.4 landed x NFEM rate (Oct 2026); verify",Abuja
M-OG-X52-4,"Oil & Gas: Line Pipe, Fittings & Valves","API 5L X52 line pipe 4"" (114.3x6.02mm, 16.1 kg/m), bare, per m",m,29999.16,26399.27,33599.06,0.02,MEDIUM,,2026-10-01,Derived: X52 price per tonne x pipe weight,Abuja
M-OG-X52-6,"Oil & Gas: Line Pipe, Fittings & Valves","API 5L X52 line pipe 6"" (168.3x7.11mm, 28.3 kg/m), bare, per m",m,52742.54,46413.44,59071.65,0.02,MEDIUM,,2026-10-01,Derived: X52 price per tonne x pipe weight,Abuja
M-OG-X52-8,"Oil & Gas: Line Pipe, Fittings & Valves","API 5L X52 line pipe 8"" (219.1x8.18mm, 42.5 kg/m), bare, per m",m,79401.21,69873.07,88929.36,0.02,MEDIUM,,2026-10-01,Derived: X52 price per tonne x pipe weight,Abuja
M-OG-X52-10,"Oil & Gas: Line Pipe, Fittings & Valves","API 5L X52 line pipe 10"" (273.1x9.27mm, 60.3 kg/m), bare, per m",m,112552.39,99046.1,126058.67,0.02,MEDIUM,,2026-10-01,Derived: X52 price per tonne x pipe weight,Abuja
M-OG-X52-12,"Oil & Gas: Line Pipe, Fittings & Valves","API 5L X52 line pipe 12"" (323.9x9.53mm, 73.9 kg/m), bare, per m",m,137874.86,121329.87,154419.84,0.02,MEDIUM,,2026-10-01,Derived: X52 price per tonne x pipe weight,Abuja
M-OG-X52-16,"Oil & Gas: Line Pipe, Fittings & Valves","API 5L X52 line pipe 16"" (406.4x9.53mm, 93.3 kg/m), bare, per m",m,174056.74,153169.93,194943.55,0.02,MEDIUM,,2026-10-01,Derived: X52 price per tonne x pipe weight,Abuja
M-OG-X52-20,"Oil & Gas: Line Pipe, Fittings & Valves","API 5L X52 line pipe 20"" (508.0x12.7mm, 155.1 kg/m), bare, per m",m,289483.08,254745.11,324221.05,0.02,MEDIUM,,2026-10-01,Derived: X52 price per tonne x pipe weight,Abuja
M-OG-X52-24,"Oil & Gas: Line Pipe, Fittings & Valves","API 5L X52 line pipe 24"" (610.0x12.7mm, 187.1 kg/m), bare, per m",m,349098.84,307206.98,390990.7,0.02,MEDIUM,,2026-10-01,Derived: X52 price per tonne x pipe weight,Abuja
M-OG-X52-30,"Oil & Gas: Line Pipe, Fittings & Valves","API 5L X52 line pipe 30"" (762.0x15.9mm, 292.5 kg/m), bare, per m",m,545940.01,480427.21,611452.82,0.02,MEDIUM,,2026-10-01,Derived: X52 price per tonne x pipe weight,Abuja
M-OG-X52-36,"Oil & Gas: Line Pipe, Fittings & Valves","API 5L X52 line pipe 36"" (914.0x19.1mm, 421.5 kg/m), bare, per m",m,786608.9,692215.83,881001.97,0.02,MEDIUM,,2026-10-01,Derived: X52 price per tonne x pipe weight,Abuja
M-OG-SMLS2,"Oil & Gas: Line Pipe, Fittings & Valves","A106 Gr.B seamless pipe 2"" sch40 (5.44 kg/m), per m",m,14720.59,11776.47,17664.7,0.05,LOW,,2026-10-01,Derived from M-OG-SMLS,Abuja
M-OG-SMLS3,"Oil & Gas: Line Pipe, Fittings & Valves","A106 Gr.B seamless pipe 3"" sch40 (11.29 kg/m), per m",m,30550.63,24440.5,36660.75,0.05,LOW,,2026-10-01,Derived from M-OG-SMLS,Abuja
M-OG-SMLS4,"Oil & Gas: Line Pipe, Fittings & Valves","A106 Gr.B seamless pipe 4"" sch40 (16.07 kg/m), per m",m,43485.26,34788.21,52182.31,0.05,LOW,,2026-10-01,Derived from M-OG-SMLS,Abuja
M-OG-SMLS6,"Oil & Gas: Line Pipe, Fittings & Valves","A106 Gr.B seamless pipe 6"" sch40 (28.26 kg/m), per m",m,76471.28,61177.02,91765.53,0.05,LOW,,2026-10-01,Derived from M-OG-SMLS,Abuja
M-OG-ELB2,"Oil & Gas: Line Pipe, Fittings & Valves","Butt-weld 90deg LR elbow 2"" STD, carbon steel",nr,14929.6,11943.68,17915.52,0,LOW,,2026-10-01,Desk estimate US$8.00 FOB x 1.4 landed x NFEM rate (Oct 2026); verify,Abuja
M-OG-TEE2,"Oil & Gas: Line Pipe, Fittings & Valves","Butt-weld equal tee 2"" STD, carbon steel",nr,25380.32,20304.26,30456.38,0,LOW,,2026-10-01,Desk estimate US$13.60 FOB x 1.4 landed x NFEM rate (Oct 2026); verify,Abuja
M-OG-ELB4,"Oil & Gas: Line Pipe, Fittings & Valves","Butt-weld 90deg LR elbow 4"" STD, carbon steel",nr,41056.4,32845.12,49267.68,0,LOW,,2026-10-01,Desk estimate US$22.00 FOB x 1.4 landed x NFEM rate (Oct 2026); verify,Abuja
M-OG-TEE4,"Oil & Gas: Line Pipe, Fittings & Valves","Butt-weld equal tee 4"" STD, carbon steel",nr,69795.88,55836.7,83755.06,0,LOW,,2026-10-01,Desk estimate US$37.40 FOB x 1.4 landed x NFEM rate (Oct 2026); verify,Abuja
M-OG-ELB6,"Oil & Gas: Line Pipe, Fittings & Valves","Butt-weld 90deg LR elbow 6"" STD, carbon steel",nr,83979.0,67183.2,100774.8,0,LOW,,2026-10-01,Desk estimate US$45.00 FOB x 1.4 landed x NFEM rate (Oct 2026); verify,Abuja
M-OG-TEE6,"Oil & Gas: Line Pipe, Fittings & Valves","Butt-weld equal tee 6"" STD, carbon steel",nr,142764.3,114211.44,171317.16,0,LOW,,2026-10-01,Desk estimate US$76.50 FOB x 1.4 landed x NFEM rate (Oct 2026); verify,Abuja
M-OG-ELB8,"Oil & Gas: Line Pipe, Fittings & Valves","Butt-weld 90deg LR elbow 8"" STD, carbon steel",nr,158627.0,126901.6,190352.4,0,LOW,,2026-10-01,Desk estimate US$85.00 FOB x 1.4 landed x NFEM rate (Oct 2026); verify,Abuja
M-OG-TEE8,"Oil & Gas: Line Pipe, Fittings & Valves","Butt-weld equal tee 8"" STD, carbon steel",nr,269665.9,215732.72,323599.08,0,LOW,,2026-10-01,Desk estimate US$144.50 FOB x 1.4 landed x NFEM rate (Oct 2026); verify,Abuja
M-OG-ELB12,"Oil & Gas: Line Pipe, Fittings & Valves","Butt-weld 90deg LR elbow 12"" STD, carbon steel",nr,391902.0,313521.6,470282.4,0,LOW,,2026-10-01,Desk estimate US$210.00 FOB x 1.4 landed x NFEM rate (Oct 2026); verify,Abuja
M-OG-TEE12,"Oil & Gas: Line Pipe, Fittings & Valves","Butt-weld equal tee 12"" STD, carbon steel",nr,666233.4,532986.72,799480.08,0,LOW,,2026-10-01,Desk estimate US$357.00 FOB x 1.4 landed x NFEM rate (Oct 2026); verify,Abuja
M-OG-ELB16,"Oil & Gas: Line Pipe, Fittings & Valves","Butt-weld 90deg LR elbow 16"" STD, carbon steel",nr,709156.0,567324.8,850987.2,0,LOW,,2026-10-01,Desk estimate US$380.00 FOB x 1.4 landed x NFEM rate (Oct 2026); verify,Abuja
M-OG-TEE16,"Oil & Gas: Line Pipe, Fittings & Valves","Butt-weld equal tee 16"" STD, carbon steel",nr,1205565.2,964452.16,1446678.24,0,LOW,,2026-10-01,Desk estimate US$646.00 FOB x 1.4 landed x NFEM rate (Oct 2026); verify,Abuja
M-OG-ELB20,"Oil & Gas: Line Pipe, Fittings & Valves","Butt-weld 90deg LR elbow 20"" STD, carbon steel",nr,1157044.0,925635.2,1388452.8,0,LOW,,2026-10-01,Desk estimate US$620.00 FOB x 1.4 landed x NFEM rate (Oct 2026); verify,Abuja
M-OG-TEE20,"Oil & Gas: Line Pipe, Fittings & Valves","Butt-weld equal tee 20"" STD, carbon steel",nr,1966974.8,1573579.84,2360369.76,0,LOW,,2026-10-01,"Desk estimate US$1,054.00 FOB x 1.4 landed x NFEM rate (Oct 2026); verify",Abuja
M-OG-ELB24,"Oil & Gas: Line Pipe, Fittings & Valves","Butt-weld 90deg LR elbow 24"" STD, carbon steel",nr,1679580.0,1343664.0,2015496.0,0,LOW,,2026-10-01,Desk estimate US$900.00 FOB x 1.4 landed x NFEM rate (Oct 2026); verify,Abuja
M-OG-TEE24,"Oil & Gas: Line Pipe, Fittings & Valves","Butt-weld equal tee 24"" STD, carbon steel",nr,2855286.0,2284228.8,3426343.2,0,LOW,,2026-10-01,"Desk estimate US$1,530.00 FOB x 1.4 landed x NFEM rate (Oct 2026); verify",Abuja
M-OG-RED42,"Oil & Gas: Line Pipe, Fittings & Valves","Concentric reducer 4x2"" STD, carbon steel",nr,18662.0,14929.6,22394.4,0,LOW,,2026-10-01,Desk estimate US$10.00 FOB x 1.4 landed x NFEM rate (Oct 2026); verify,Abuja
M-OG-RED64,"Oil & Gas: Line Pipe, Fittings & Valves","Concentric reducer 6x4"" STD, carbon steel",nr,41056.4,32845.12,49267.68,0,LOW,,2026-10-01,Desk estimate US$22.00 FOB x 1.4 landed x NFEM rate (Oct 2026); verify,Abuja
M-OG-RED86,"Oil & Gas: Line Pipe, Fittings & Valves","Concentric reducer 8x6"" STD, carbon steel",nr,70915.6,56732.48,85098.72,0,LOW,,2026-10-01,Desk estimate US$38.00 FOB x 1.4 landed x NFEM rate (Oct 2026); verify,Abuja
M-OG-RED128,"Oil & Gas: Line Pipe, Fittings & Valves","Concentric reducer 12x8"" STD, carbon steel",nr,177289.0,141831.2,212746.8,0,LOW,,2026-10-01,Desk estimate US$95.00 FOB x 1.4 landed x NFEM rate (Oct 2026); verify,Abuja
M-OG-RED1612,"Oil & Gas: Line Pipe, Fittings & Valves","Concentric reducer 16x12"" STD, carbon steel",nr,354578.0,283662.4,425493.6,0,LOW,,2026-10-01,Desk estimate US$190.00 FOB x 1.4 landed x NFEM rate (Oct 2026); verify,Abuja
M-OG-WN150-2,"Oil & Gas: Line Pipe, Fittings & Valves","Weld-neck flange ANSI 150 RF 2"", A105",nr,22394.4,17915.52,26873.28,0,LOW,,2026-10-01,Desk estimate US$12.00 FOB x 1.4 landed x NFEM rate (Oct 2026); verify,Abuja
M-OG-WN300-2,"Oil & Gas: Line Pipe, Fittings & Valves","Weld-neck flange ANSI 300 RF 2"", A105",nr,38070.48,30456.38,45684.58,0,LOW,,2026-10-01,Desk estimate US$20.40 FOB x 1.4 landed x NFEM rate (Oct 2026); verify,Abuja
M-OG-WN150-4,"Oil & Gas: Line Pipe, Fittings & Valves","Weld-neck flange ANSI 150 RF 4"", A105",nr,46655.0,37324.0,55986.0,0,LOW,,2026-10-01,Desk estimate US$25.00 FOB x 1.4 landed x NFEM rate (Oct 2026); verify,Abuja
M-OG-WN300-4,"Oil & Gas: Line Pipe, Fittings & Valves","Weld-neck flange ANSI 300 RF 4"", A105",nr,79313.5,63450.8,95176.2,0,LOW,,2026-10-01,Desk estimate US$42.50 FOB x 1.4 landed x NFEM rate (Oct 2026); verify,Abuja
M-OG-WN150-6,"Oil & Gas: Line Pipe, Fittings & Valves","Weld-neck flange ANSI 150 RF 6"", A105",nr,74648.0,59718.4,89577.6,0,LOW,,2026-10-01,Desk estimate US$40.00 FOB x 1.4 landed x NFEM rate (Oct 2026); verify,Abuja
M-OG-WN300-6,"Oil & Gas: Line Pipe, Fittings & Valves","Weld-neck flange ANSI 300 RF 6"", A105",nr,126901.6,101521.28,152281.92,0,LOW,,2026-10-01,Desk estimate US$68.00 FOB x 1.4 landed x NFEM rate (Oct 2026); verify,Abuja
M-OG-WN150-8,"Oil & Gas: Line Pipe, Fittings & Valves","Weld-neck flange ANSI 150 RF 8"", A105",nr,111972.0,89577.6,134366.4,0,LOW,,2026-10-01,Desk estimate US$60.00 FOB x 1.4 landed x NFEM rate (Oct 2026); verify,Abuja
M-OG-WN300-8,"Oil & Gas: Line Pipe, Fittings & Valves","Weld-neck flange ANSI 300 RF 8"", A105",nr,190352.4,152281.92,228422.88,0,LOW,,2026-10-01,Desk estimate US$102.00 FOB x 1.4 landed x NFEM rate (Oct 2026); verify,Abuja
M-OG-WN150-12,"Oil & Gas: Line Pipe, Fittings & Valves","Weld-neck flange ANSI 150 RF 12"", A105",nr,223944.0,179155.2,268732.8,0,LOW,,2026-10-01,Desk estimate US$120.00 FOB x 1.4 landed x NFEM rate (Oct 2026); verify,Abuja
M-OG-WN300-12,"Oil & Gas: Line Pipe, Fittings & Valves","Weld-neck flange ANSI 300 RF 12"", A105",nr,380704.8,304563.84,456845.76,0,LOW,,2026-10-01,Desk estimate US$204.00 FOB x 1.4 landed x NFEM rate (Oct 2026); verify,Abuja
M-OG-WN150-16,"Oil & Gas: Line Pipe, Fittings & Valves","Weld-neck flange ANSI 150 RF 16"", A105",nr,391902.0,313521.6,470282.4,0,LOW,,2026-10-01,Desk estimate US$210.00 FOB x 1.4 landed x NFEM rate (Oct 2026); verify,Abuja
M-OG-WN300-16,"Oil & Gas: Line Pipe, Fittings & Valves","Weld-neck flange ANSI 300 RF 16"", A105",nr,666233.4,532986.72,799480.08,0,LOW,,2026-10-01,Desk estimate US$357.00 FOB x 1.4 landed x NFEM rate (Oct 2026); verify,Abuja
M-OG-BLF2,"Oil & Gas: Line Pipe, Fittings & Valves","Blind flange ANSI 150 RF 2"", A105",nr,18662.0,14929.6,22394.4,0,LOW,,2026-10-01,Desk estimate US$10.00 FOB x 1.4 landed x NFEM rate (Oct 2026); verify,Abuja
M-OG-BLF4,"Oil & Gas: Line Pipe, Fittings & Valves","Blind flange ANSI 150 RF 4"", A105",nr,41056.4,32845.12,49267.68,0,LOW,,2026-10-01,Desk estimate US$22.00 FOB x 1.4 landed x NFEM rate (Oct 2026); verify,Abuja
M-OG-BLF6,"Oil & Gas: Line Pipe, Fittings & Valves","Blind flange ANSI 150 RF 6"", A105",nr,70915.6,56732.48,85098.72,0,LOW,,2026-10-01,Desk estimate US$38.00 FOB x 1.4 landed x NFEM rate (Oct 2026); verify,Abuja
M-OG-BLF8,"Oil & Gas: Line Pipe, Fittings & Valves","Blind flange ANSI 150 RF 8"", A105",nr,108239.6,86591.68,129887.52,0,LOW,,2026-10-01,Desk estimate US$58.00 FOB x 1.4 landed x NFEM rate (Oct 2026); verify,Abuja
M-OG-BLF12,"Oil & Gas: Line Pipe, Fittings & Valves","Blind flange ANSI 150 RF 12"", A105",nr,214613.0,171690.4,257535.6,0,LOW,,2026-10-01,Desk estimate US$115.00 FOB x 1.4 landed x NFEM rate (Oct 2026); verify,Abuja
M-OG-GSK2,"Oil & Gas: Line Pipe, Fittings & Valves","Spiral-wound gasket 2"" cl150/300 (SS316/graphite)",nr,7464.8,5971.84,8957.76,0.05,LOW,,2026-10-01,Desk estimate US$4.00 FOB x 1.4 landed x NFEM rate (Oct 2026); verify,Abuja
M-OG-GSK4,"Oil & Gas: Line Pipe, Fittings & Valves","Spiral-wound gasket 4"" cl150/300 (SS316/graphite)",nr,11197.2,8957.76,13436.64,0.05,LOW,,2026-10-01,Desk estimate US$6.00 FOB x 1.4 landed x NFEM rate (Oct 2026); verify,Abuja
M-OG-GSK6,"Oil & Gas: Line Pipe, Fittings & Valves","Spiral-wound gasket 6"" cl150/300 (SS316/graphite)",nr,16795.8,13436.64,20154.96,0.05,LOW,,2026-10-01,Desk estimate US$9.00 FOB x 1.4 landed x NFEM rate (Oct 2026); verify,Abuja
M-OG-GSK8,"Oil & Gas: Line Pipe, Fittings & Valves","Spiral-wound gasket 8"" cl150/300 (SS316/graphite)",nr,22394.4,17915.52,26873.28,0.05,LOW,,2026-10-01,Desk estimate US$12.00 FOB x 1.4 landed x NFEM rate (Oct 2026); verify,Abuja
M-OG-GSK12,"Oil & Gas: Line Pipe, Fittings & Valves","Spiral-wound gasket 12"" cl150/300 (SS316/graphite)",nr,33591.6,26873.28,40309.92,0.05,LOW,,2026-10-01,Desk estimate US$18.00 FOB x 1.4 landed x NFEM rate (Oct 2026); verify,Abuja
M-OG-GSK16,"Oil & Gas: Line Pipe, Fittings & Valves","Spiral-wound gasket 16"" cl150/300 (SS316/graphite)",nr,55986.0,44788.8,67183.2,0.05,LOW,,2026-10-01,Desk estimate US$30.00 FOB x 1.4 landed x NFEM rate (Oct 2026); verify,Abuja
M-OG-STUD4,"Oil & Gas: Line Pipe, Fittings & Valves","Stud bolt set B7/2H for 4"" cl150 flange joint",set,22394.4,17915.52,26873.28,0.05,LOW,,2026-10-01,Desk estimate US$12.00 FOB x 1.4 landed x NFEM rate (Oct 2026); verify,Abuja
M-OG-STUD8,"Oil & Gas: Line Pipe, Fittings & Valves","Stud bolt set B7/2H for 8"" cl150 flange joint",set,52253.6,41802.88,62704.32,0.05,LOW,,2026-10-01,Desk estimate US$28.00 FOB x 1.4 landed x NFEM rate (Oct 2026); verify,Abuja
M-OG-STUD12,"Oil & Gas: Line Pipe, Fittings & Valves","Stud bolt set B7/2H for 12"" cl150 flange joint",set,102641.0,82112.8,123169.2,0.05,LOW,,2026-10-01,Desk estimate US$55.00 FOB x 1.4 landed x NFEM rate (Oct 2026); verify,Abuja
M-OG-GV2,"Oil & Gas: Line Pipe, Fittings & Valves","Gate valve cast steel ANSI 150 RF 2"" (API 600)",nr,335916.0,268732.8,403099.2,0,LOW,,2026-10-01,Desk estimate US$180.00 FOB x 1.4 landed x NFEM rate (Oct 2026); verify,Abuja
M-OG-GV4,"Oil & Gas: Line Pipe, Fittings & Valves","Gate valve cast steel ANSI 150 RF 4"" (API 600)",nr,783804.0,627043.2,940564.8,0,LOW,,2026-10-01,Desk estimate US$420.00 FOB x 1.4 landed x NFEM rate (Oct 2026); verify,Abuja
M-OG-GV6,"Oil & Gas: Line Pipe, Fittings & Valves","Gate valve cast steel ANSI 150 RF 6"" (API 600)",nr,1399650.0,1119720.0,1679580.0,0,LOW,,2026-10-01,Desk estimate US$750.00 FOB x 1.4 landed x NFEM rate (Oct 2026); verify,Abuja
M-OG-GV8,"Oil & Gas: Line Pipe, Fittings & Valves","Gate valve cast steel ANSI 150 RF 8"" (API 600)",nr,2332750.0,1866200.0,2799300.0,0,LOW,,2026-10-01,"Desk estimate US$1,250.00 FOB x 1.4 landed x NFEM rate (Oct 2026); verify",Abuja
M-OG-GV12,"Oil & Gas: Line Pipe, Fittings & Valves","Gate valve cast steel ANSI 150 RF 12"" (API 600)",nr,5411980.0,4329584.0,6494376.0,0,LOW,,2026-10-01,"Desk estimate US$2,900.00 FOB x 1.4 landed x NFEM rate (Oct 2026); verify",Abuja
M-OG-BV2,"Oil & Gas: Line Pipe, Fittings & Valves","Ball valve full-bore ANSI 300 RF 2"" (API 6D)",nr,653170.0,522536.0,783804.0,0,LOW,,2026-10-01,Desk estimate US$350.00 FOB x 1.4 landed x NFEM rate (Oct 2026); verify,Abuja
M-OG-BV4,"Oil & Gas: Line Pipe, Fittings & Valves","Ball valve full-bore ANSI 300 RF 4"" (API 6D)",nr,1679580.0,1343664.0,2015496.0,0,LOW,,2026-10-01,Desk estimate US$900.00 FOB x 1.4 landed x NFEM rate (Oct 2026); verify,Abuja
M-OG-BV6,"Oil & Gas: Line Pipe, Fittings & Valves","Ball valve full-bore ANSI 300 RF 6"" (API 6D)",nr,3545780.0,2836624.0,4254936.0,0,LOW,,2026-10-01,"Desk estimate US$1,900.00 FOB x 1.4 landed x NFEM rate (Oct 2026); verify",Abuja
M-OG-BV8,"Oil & Gas: Line Pipe, Fittings & Valves","Ball valve full-bore ANSI 300 RF 8"" (API 6D)",nr,6531700.0,5225360.0,7838040.0,0,LOW,,2026-10-01,"Desk estimate US$3,500.00 FOB x 1.4 landed x NFEM rate (Oct 2026); verify",Abuja
M-OG-BV12,"Oil & Gas: Line Pipe, Fittings & Valves","Ball valve full-bore ANSI 300 RF 12"" (API 6D)",nr,14929600.0,11943680.0,17915520.0,0,LOW,,2026-10-01,"Desk estimate US$8,000.00 FOB x 1.4 landed x NFEM rate (Oct 2026); verify",Abuja
M-OG-CV2,"Oil & Gas: Line Pipe, Fittings & Valves","Swing check valve ANSI 150 RF 2""",nr,279930.0,223944.0,335916.0,0,LOW,,2026-10-01,Desk estimate US$150.00 FOB x 1.4 landed x NFEM rate (Oct 2026); verify,Abuja
M-OG-CV4,"Oil & Gas: Line Pipe, Fittings & Valves","Swing check valve ANSI 150 RF 4""",nr,653170.0,522536.0,783804.0,0,LOW,,2026-10-01,Desk estimate US$350.00 FOB x 1.4 landed x NFEM rate (Oct 2026); verify,Abuja
M-OG-CV6,"Oil & Gas: Line Pipe, Fittings & Valves","Swing check valve ANSI 150 RF 6""",nr,1157044.0,925635.2,1388452.8,0,LOW,,2026-10-01,Desk estimate US$620.00 FOB x 1.4 landed x NFEM rate (Oct 2026); verify,Abuja
M-OG-CV8,"Oil & Gas: Line Pipe, Fittings & Valves","Swing check valve ANSI 150 RF 8""",nr,1866200.0,1492960.0,2239440.0,0,LOW,,2026-10-01,"Desk estimate US$1,000.00 FOB x 1.4 landed x NFEM rate (Oct 2026); verify",Abuja
M-OG-3LPE,"Oil & Gas: Coating, Cathodic Protection & Welding","3-layer polyethylene (3LPE) factory pipe coating, per m2 of pipe surface",m2,26126.8,20901.44,31352.16,0.02,LOW,,2026-10-01,Desk estimate US$14.00 FOB x 1.4 landed x NFEM rate (Oct 2026); verify,Abuja
M-OG-FBE,"Oil & Gas: Coating, Cathodic Protection & Welding","Fusion-bonded epoxy (FBE) factory coating, per m2",m2,18662.0,14929.6,22394.4,0.02,LOW,,2026-10-01,Desk estimate US$10.00 FOB x 1.4 landed x NFEM rate (Oct 2026); verify,Abuja
M-OG-HSS8,"Oil & Gas: Coating, Cathodic Protection & Welding","Heat-shrink field joint sleeve 8"" with primer",nr,65317.0,52253.6,78380.4,0.03,LOW,,2026-10-01,Desk estimate US$35.00 FOB x 1.4 landed x NFEM rate (Oct 2026); verify,Abuja
M-OG-HSS12,"Oil & Gas: Coating, Cathodic Protection & Welding","Heat-shrink field joint sleeve 12"" with primer",nr,102641.0,82112.8,123169.2,0.03,LOW,,2026-10-01,Desk estimate US$55.00 FOB x 1.4 landed x NFEM rate (Oct 2026); verify,Abuja
M-OG-HSS16,"Oil & Gas: Coating, Cathodic Protection & Welding","Heat-shrink field joint sleeve 16"" with primer",nr,139965.0,111972.0,167958.0,0.03,LOW,,2026-10-01,Desk estimate US$75.00 FOB x 1.4 landed x NFEM rate (Oct 2026); verify,Abuja
M-OG-HSS24,"Oil & Gas: Coating, Cathodic Protection & Welding","Heat-shrink field joint sleeve 24"" with primer",nr,205282.0,164225.6,246338.4,0.03,LOW,,2026-10-01,Desk estimate US$110.00 FOB x 1.4 landed x NFEM rate (Oct 2026); verify,Abuja
M-OG-LEP,"Oil & Gas: Coating, Cathodic Protection & Welding","High-build liquid epoxy coating (2-part), per litre",L,33591.6,26873.28,40309.92,0.1,LOW,,2026-10-01,Desk estimate US$18.00 FOB x 1.4 landed x NFEM rate (Oct 2026); verify,Abuja
M-OG-CWC,"Oil & Gas: Coating, Cathodic Protection & Welding","Concrete weight coating (3,040 kg/m3), applied, per m3",m3,1213030.0,970424.0,1455636.0,0.03,LOW,,2026-10-01,Desk estimate US$650.00 FOB x 1.4 landed x NFEM rate (Oct 2026); verify,Abuja
M-OG-GRIT,"Oil & Gas: Coating, Cathodic Protection & Welding","Abrasive blasting grit (copper slag/garnet), per tonne",t,180000,144000.0,216000.0,0.05,LOW,,2026-10-01,Desk estimate (Oct 2026) - no reliable dated Nigerian source; verify with 3 supplier quotes,Abuja
M-OG-MGAN,"Oil & Gas: Coating, Cathodic Protection & Welding",Magnesium anode 17lb pre-packaged with lead cable,nr,111972.0,89577.6,134366.4,0,LOW,,2026-10-01,Desk estimate US$60.00 FOB x 1.4 landed x NFEM rate (Oct 2026); verify,Abuja
M-OG-ZNAN,"Oil & Gas: Coating, Cathodic Protection & Welding",Zinc anode 30kg,nr,223944.0,179155.2,268732.8,0,LOW,,2026-10-01,Desk estimate US$120.00 FOB x 1.4 landed x NFEM rate (Oct 2026); verify,Abuja
M-OG-ALAN,"Oil & Gas: Coating, Cathodic Protection & Welding",Al-Zn-In sacrificial anode 200kg (offshore/marine piles),nr,1679580.0,1343664.0,2015496.0,0,LOW,,2026-10-01,Desk estimate US$900.00 FOB x 1.4 landed x NFEM rate (Oct 2026); verify,Abuja
M-OG-CPTP,"Oil & Gas: Coating, Cathodic Protection & Welding",CP test post with terminals,nr,85000,68000.0,102000.0,0,LOW,,2026-10-01,Desk estimate (Oct 2026) - no reliable dated Nigerian source; verify with 3 supplier quotes,Abuja
M-OG-TRU,"Oil & Gas: Coating, Cathodic Protection & Welding","Transformer-rectifier unit 50V/50A, oil-cooled",nr,11197200.0,8957760.0,13436640.0,0,LOW,,2026-10-01,"Desk estimate US$6,000.00 FOB x 1.4 landed x NFEM rate (Oct 2026); verify",Abuja
M-OG-CPCAB,"Oil & Gas: Coating, Cathodic Protection & Welding","CP cable 16mm2 HMWPE, per m",m,4500,3600.0,5400.0,0.05,LOW,,2026-10-01,Desk estimate (Oct 2026) - no reliable dated Nigerian source; verify with 3 supplier quotes,Abuja
M-OG-E6010,"Oil & Gas: Coating, Cathodic Protection & Welding","Cellulosic electrode E6010 (root pass), per kg",kg,8397.9,6718.32,10077.48,0.1,LOW,,2026-10-01,Desk estimate US$4.50 FOB x 1.4 landed x NFEM rate (Oct 2026); verify,Abuja
M-OG-E7018,"Oil & Gas: Coating, Cathodic Protection & Welding","Low-hydrogen electrode E7018, per kg",kg,6531.7,5225.36,7838.04,0.1,LOW,,2026-10-01,Desk estimate US$3.50 FOB x 1.4 landed x NFEM rate (Oct 2026); verify,Abuja
M-OG-ER70,"Oil & Gas: Coating, Cathodic Protection & Welding","MIG/GMAW wire ER70S-6, per kg",kg,4665.5,3732.4,5598.6,0.1,LOW,,2026-10-01,Desk estimate US$2.50 FOB x 1.4 landed x NFEM rate (Oct 2026); verify,Abuja
M-OG-PIGL,"Oil & Gas: Coating, Cathodic Protection & Welding","Pig launcher/receiver 12"" ANSI 300 with closure",nr,83979000.0,67183200.0,100774800.0,0,LOW,,2026-10-01,"Desk estimate US$45,000.00 FOB x 1.4 landed x NFEM rate (Oct 2026); verify",Abuja
M-OG-IJ12,"Oil & Gas: Coating, Cathodic Protection & Welding","Monolithic insulating joint 12"" ANSI 300",nr,6531700.0,5225360.0,7838040.0,0,LOW,,2026-10-01,"Desk estimate US$3,500.00 FOB x 1.4 landed x NFEM rate (Oct 2026); verify",Abuja
M-OG-MRK,"Oil & Gas: Coating, Cathodic Protection & Welding","Pipeline marker post (steel, painted, with plate)",nr,45000,36000.0,54000.0,0,LOW,,2026-10-01,Desk estimate (Oct 2026) - no reliable dated Nigerian source; verify with 3 supplier quotes,Abuja
M-OG-WTAPE,"Oil & Gas: Coating, Cathodic Protection & Welding","Underground warning tape 300mm, per m",m,250,200.0,300.0,0.05,LOW,,2026-10-01,Desk estimate (Oct 2026) - no reliable dated Nigerian source; verify with 3 supplier quotes,Abuja
M-OG-RSH,"Oil & Gas: Coating, Cathodic Protection & Welding","Rockshield mesh for pipe protection, per m2",m2,11197.2,8957.76,13436.64,0.08,LOW,,2026-10-01,Desk estimate US$6.00 FOB x 1.4 landed x NFEM rate (Oct 2026); verify,Abuja
M-OG-SBAG,"Oil & Gas: Coating, Cathodic Protection & Welding",Sandbag (filled) for pipe supports/trench breakers,nr,600,480.0,720.0,0.05,LOW,,2026-10-01,Desk estimate (Oct 2026) - no reliable dated Nigerian source; verify with 3 supplier quotes,Abuja
M-OG-PSAD,"Oil & Gas: Coating, Cathodic Protection & Welding","Pipe support saddle, fabricated steel",nr,60000,48000.0,72000.0,0,LOW,,2026-10-01,Desk estimate (Oct 2026) - no reliable dated Nigerian source; verify with 3 supplier quotes,Abuja
M-OG-H2S,"Oil & Gas: Coating, Cathodic Protection & Welding",Personal H2S/4-gas detector,nr,839790.0,671832.0,1007748.0,0,LOW,,2026-10-01,Desk estimate US$450.00 FOB x 1.4 landed x NFEM rate (Oct 2026); verify,Abuja
M-OG-UGT,Oil & Gas: Fuel Stations & Storage,"Underground steel fuel tank 33,000L, coated",nr,9500000,7600000.0,11400000.0,0,LOW,,2026-10-01,Desk estimate (Oct 2026) - no reliable dated Nigerian source; verify with 3 supplier quotes,Abuja
M-OG-DISP,Oil & Gas: Fuel Stations & Storage,"Fuel dispenser, 2-nozzle electronic",nr,12130300.0,9704240.0,14556360.0,0,LOW,,2026-10-01,"Desk estimate US$6,500.00 FOB x 1.4 landed x NFEM rate (Oct 2026); verify",Abuja
M-OG-OIL,Oil & Gas: Fuel Stations & Storage,Precast oil/water interceptor,nr,1800000,1440000.0,2160000.0,0,LOW,,2026-10-01,Desk estimate (Oct 2026) - no reliable dated Nigerian source; verify with 3 supplier quotes,Abuja
M-OG-PLT,Oil & Gas: Fuel Stations & Storage,"Steel plate S275 for storage tanks, per tonne",t,1500000,1200000.0,1800000.0,0.05,LOW,,2026-10-01,Desk estimate (Oct 2026) - no reliable dated Nigerian source; verify with 3 supplier quotes,Abuja
M-PG-SPT,Piling & Ground Engineering,"Hot-rolled steel sheet piles S355GP, per tonne",t,1586270.0,1269016.0,1903524.0,0.02,LOW,,2026-10-01,Desk estimate US$850.00 FOB x 1.4 landed x NFEM rate (Oct 2026); verify,Abuja
M-PG-PU12,Piling & Ground Engineering,"Sheet pile PU12 / Larssen 600-type (110 kg/m2 of wall), per m2",m2,174489.7,139591.76,209387.64,0.03,LOW,,2026-10-01,Derived from M-PG-SPT,Abuja
M-PG-PU18,Piling & Ground Engineering,"Sheet pile PU18 (128 kg/m2 of wall), per m2",m2,203042.56,162434.05,243651.07,0.03,LOW,,2026-10-01,Derived from M-PG-SPT,Abuja
M-PG-PU28,Piling & Ground Engineering,"Sheet pile PU28 (163 kg/m2 of wall), per m2",m2,258562.01,206849.61,310274.41,0.03,LOW,,2026-10-01,Derived from M-PG-SPT,Abuja
M-PG-AZ26,Piling & Ground Engineering,"Sheet pile AZ26-700 (155 kg/m2 of wall), per m2",m2,245871.85,196697.48,295046.22,0.03,LOW,,2026-10-01,Derived from M-PG-SPT,Abuja
M-PG-HPT,Piling & Ground Engineering,"H-section bearing piles S355, per tonne",t,1679580.0,1343664.0,2015496.0,0.03,LOW,,2026-10-01,Desk estimate US$900.00 FOB x 1.4 landed x NFEM rate (Oct 2026); verify,Abuja
M-PG-HP305X79,Piling & Ground Engineering,"H-pile HP305x79 (79 kg/m), per m",m,132686.82,106149.46,159224.18,0.03,LOW,,2026-10-01,Derived from M-PG-HPT,Abuja
M-PG-HP305X110,Piling & Ground Engineering,"H-pile HP305x110 (110 kg/m), per m",m,184753.8,147803.04,221704.56,0.03,LOW,,2026-10-01,Derived from M-PG-HPT,Abuja
M-PG-HP356X174,Piling & Ground Engineering,"H-pile HP356x174 (174 kg/m), per m",m,292246.92,233797.54,350696.3,0.03,LOW,,2026-10-01,Derived from M-PG-HPT,Abuja
M-PG-TPT,Piling & Ground Engineering,"Spiral-welded steel tubular piles, per tonne",t,1866200.0,1492960.0,2239440.0,0.03,LOW,,2026-10-01,"Desk estimate US$1,000.00 FOB x 1.4 landed x NFEM rate (Oct 2026); verify",Abuja
M-PG-TP610,Piling & Ground Engineering,"Steel tubular pile 610x12mm (177 kg/m), per m",m,330242.75,264194.2,396291.3,0.03,LOW,,2026-10-01,Derived from M-PG-TPT,Abuja
M-PG-TP762,Piling & Ground Engineering,"Steel tubular pile 762x14mm (258 kg/m), per m",m,481927.49,385541.99,578312.99,0.03,LOW,,2026-10-01,Derived from M-PG-TPT,Abuja
M-PG-TP914,Piling & Ground Engineering,"Steel tubular pile 914x16mm (354 kg/m), per m",m,661222.65,528978.12,793467.18,0.03,LOW,,2026-10-01,Derived from M-PG-TPT,Abuja
M-PG-PC300,Piling & Ground Engineering,"Precast reinforced concrete pile 300x300mm, delivered, per m",m,85000,68000.0,102000.0,0.03,LOW,,2026-10-01,Desk estimate (Oct 2026) - no reliable dated Nigerian source; verify with 3 supplier quotes,Abuja
M-PG-PC350,Piling & Ground Engineering,"Precast reinforced concrete pile 350x350mm, delivered, per m",m,110000,88000.0,132000.0,0.03,LOW,,2026-10-01,Desk estimate (Oct 2026) - no reliable dated Nigerian source; verify with 3 supplier quotes,Abuja
M-PG-PC400,Piling & Ground Engineering,"Precast reinforced concrete pile 400x400mm, delivered, per m",m,145000,116000.0,174000.0,0.03,LOW,,2026-10-01,Desk estimate (Oct 2026) - no reliable dated Nigerian source; verify with 3 supplier quotes,Abuja
M-PG-PC450,Piling & Ground Engineering,"Precast reinforced concrete pile 450x450mm, delivered, per m",m,185000,148000.0,222000.0,0.03,LOW,,2026-10-01,Desk estimate (Oct 2026) - no reliable dated Nigerian source; verify with 3 supplier quotes,Abuja
M-PG-BENT,Piling & Ground Engineering,"Bentonite (API grade), per tonne",t,460000,368000.0,552000.0,0.05,LOW,,2026-10-01,Desk estimate (Oct 2026) - no reliable dated Nigerian source; verify with 3 supplier quotes,Abuja
M-PG-POLY,Piling & Ground Engineering,"Polymer drilling slurry, per kg",kg,11197.2,8957.76,13436.64,0.05,LOW,,2026-10-01,Desk estimate US$6.00 FOB x 1.4 landed x NFEM rate (Oct 2026); verify,Abuja
M-PG-SHOE,Piling & Ground Engineering,Cast-steel pile shoe,nr,120000,96000.0,144000.0,0,LOW,,2026-10-01,Desk estimate (Oct 2026) - no reliable dated Nigerian source; verify with 3 supplier quotes,Abuja
M-PG-AB32,Piling & Ground Engineering,"Ground anchor bar 32mm high-yield, per m (incl. couplers)",m,9027.7,7222.16,10833.24,0.05,LOW,,2026-10-01,Derived from M-STL-09,Abuja
M-PG-SN25,Piling & Ground Engineering,"Soil nail bar 25mm, per m (incl. centralisers)",m,4947.68,3958.14,5937.22,0.05,LOW,,2026-10-01,Derived from M-STL-02,Abuja
M-PG-NHP,Piling & Ground Engineering,Soil nail head plate & nut,nr,12000,9600.0,14400.0,0,LOW,,2026-10-01,Desk estimate (Oct 2026) - no reliable dated Nigerian source; verify with 3 supplier quotes,Abuja
M-PG-PVD,Piling & Ground Engineering,"Prefabricated vertical (wick) drain, per m",m,335.92,268.73,403.1,0.08,LOW,,2026-10-01,Desk estimate US$0.18 FOB x 1.4 landed x NFEM rate (Oct 2026); verify,Abuja
M-PG-SPLT,Piling & Ground Engineering,Settlement plate with riser pipe,nr,85000,68000.0,102000.0,0,LOW,,2026-10-01,Desk estimate (Oct 2026) - no reliable dated Nigerian source; verify with 3 supplier quotes,Abuja
M-PG-INCL,Piling & Ground Engineering,"Inclinometer casing 70mm, per m",m,46655.0,37324.0,55986.0,0.05,LOW,,2026-10-01,Desk estimate US$25.00 FOB x 1.4 landed x NFEM rate (Oct 2026); verify,Abuja
M-PG-PZM,Piling & Ground Engineering,Vibrating-wire piezometer with cable,nr,839790.0,671832.0,1007748.0,0,LOW,,2026-10-01,Desk estimate US$450.00 FOB x 1.4 landed x NFEM rate (Oct 2026); verify,Abuja
M-GS-WOV,Geosynthetics & Erosion Control,"Woven polypropylene geotextile, per m2",m2,1500,1200.0,1800.0,0.1,LOW,,2026-10-01,Desk estimate (Oct 2026) - no reliable dated Nigerian source; verify with 3 supplier quotes,Abuja
M-GS-NW400,Geosynthetics & Erosion Control,"Non-woven needle-punched geotextile 400g/m2, per m2",m2,2200,1760.0,2640.0,0.1,LOW,,2026-10-01,Desk estimate (Oct 2026) - no reliable dated Nigerian source; verify with 3 supplier quotes,Abuja
M-GS-GGB,Geosynthetics & Erosion Control,"Biaxial geogrid 30kN/m, per m2",m2,2800,2240.0,3360.0,0.1,LOW,,2026-10-01,Desk estimate (Oct 2026) - no reliable dated Nigerian source; verify with 3 supplier quotes,Abuja
M-GS-GGU,Geosynthetics & Erosion Control,"Uniaxial geogrid 80kN/m, per m2",m2,4500,3600.0,5400.0,0.1,LOW,,2026-10-01,Desk estimate (Oct 2026) - no reliable dated Nigerian source; verify with 3 supplier quotes,Abuja
M-GS-GCELL,Geosynthetics & Erosion Control,"HDPE geocell 150mm deep, per m2",m2,9500,7600.0,11400.0,0.08,LOW,,2026-10-01,Desk estimate (Oct 2026) - no reliable dated Nigerian source; verify with 3 supplier quotes,Abuja
M-GS-GM10,Geosynthetics & Erosion Control,"HDPE geomembrane 1.0mm, per m2",m2,4500,3600.0,5400.0,0.12,LOW,,2026-10-01,Desk estimate (Oct 2026) - no reliable dated Nigerian source; verify with 3 supplier quotes,Abuja
M-GS-GM15,Geosynthetics & Erosion Control,"HDPE geomembrane 1.5mm, per m2",m2,6500,5200.0,7800.0,0.12,LOW,,2026-10-01,Desk estimate (Oct 2026) - no reliable dated Nigerian source; verify with 3 supplier quotes,Abuja
M-GS-GM20,Geosynthetics & Erosion Control,"HDPE geomembrane 2.0mm, per m2",m2,8500,6800.0,10200.0,0.12,LOW,,2026-10-01,Desk estimate (Oct 2026) - no reliable dated Nigerian source; verify with 3 supplier quotes,Abuja
M-GS-GCL,Geosynthetics & Erosion Control,"Geosynthetic clay liner (GCL), per m2",m2,7500,6000.0,9000.0,0.15,LOW,,2026-10-01,Desk estimate (Oct 2026) - no reliable dated Nigerian source; verify with 3 supplier quotes,Abuja
M-GS-ECB,Geosynthetics & Erosion Control,"Erosion control blanket (coir/straw), per m2",m2,2500,2000.0,3000.0,0.1,LOW,,2026-10-01,Desk estimate (Oct 2026) - no reliable dated Nigerian source; verify with 3 supplier quotes,Abuja
M-GS-GAB1,Geosynthetics & Erosion Control,"Gabion box 2x1x1m, galvanised + PVC-coated mesh",nr,55000,44000.0,66000.0,0.02,LOW,,2026-10-01,Desk estimate (Oct 2026) - no reliable dated Nigerian source; verify with 3 supplier quotes,Abuja
M-GS-GAB05,Geosynthetics & Erosion Control,"Gabion box 2x1x0.5m, galvanised + PVC-coated mesh",nr,38000,30400.0,45600.0,0.02,LOW,,2026-10-01,Desk estimate (Oct 2026) - no reliable dated Nigerian source; verify with 3 supplier quotes,Abuja
M-GS-RENO,Geosynthetics & Erosion Control,"Reno mattress 0.3m thick, per m2",m2,10000,8000.0,12000.0,0.03,LOW,,2026-10-01,Desk estimate (Oct 2026) - no reliable dated Nigerian source; verify with 3 supplier quotes,Abuja
M-GS-COIR,Geosynthetics & Erosion Control,"Coir log 300mm dia, per m",m,8000,6400.0,9600.0,0.03,LOW,,2026-10-01,Desk estimate (Oct 2026) - no reliable dated Nigerian source; verify with 3 supplier quotes,Abuja
M-BR-PTS,Bridges & Heavy Structures,"Prestressing strand 15.2mm (0.6"") 1860MPa low-relax, per tonne",t,2332750.0,1866200.0,2799300.0,0.03,LOW,,2026-10-01,"Desk estimate US$1,250.00 FOB x 1.4 landed x NFEM rate (Oct 2026); verify",Abuja
M-BR-ANC12,Bridges & Heavy Structures,Multi-strand anchorage set 12-strand (live/dead),set,895776.0,716620.8,1074931.2,0,LOW,,2026-10-01,Desk estimate US$480.00 FOB x 1.4 landed x NFEM rate (Oct 2026); verify,Abuja
M-BR-DUCT,Bridges & Heavy Structures,"Corrugated PT duct 90mm, per m",m,7500,6000.0,9000.0,0.05,LOW,,2026-10-01,Desk estimate (Oct 2026) - no reliable dated Nigerian source; verify with 3 supplier quotes,Abuja
M-BR-ELB,Bridges & Heavy Structures,"Laminated elastomeric bearing, per dm3",dm3,4105.64,3284.51,4926.77,0,LOW,,2026-10-01,Desk estimate US$2.20 FOB x 1.4 landed x NFEM rate (Oct 2026); verify,Abuja
M-BR-POT2,Bridges & Heavy Structures,"Pot bearing 2,000kN (guided/free)",nr,7091560.0,5673248.0,8509872.0,0,LOW,,2026-10-01,"Desk estimate US$3,800.00 FOB x 1.4 landed x NFEM rate (Oct 2026); verify",Abuja
M-BR-POT5,Bridges & Heavy Structures,"Pot bearing 5,000kN (guided/free)",nr,13996500.0,11197200.0,16795800.0,0,LOW,,2026-10-01,"Desk estimate US$7,500.00 FOB x 1.4 landed x NFEM rate (Oct 2026); verify",Abuja
M-BR-SSJ,Bridges & Heavy Structures,"Strip-seal expansion joint (80mm movement), per m",m,597184.0,477747.2,716620.8,0.02,LOW,,2026-10-01,Desk estimate US$320.00 FOB x 1.4 landed x NFEM rate (Oct 2026); verify,Abuja
M-BR-MEJ,Bridges & Heavy Structures,"Modular expansion joint (160mm movement), per m",m,2612680.0,2090144.0,3135216.0,0.02,LOW,,2026-10-01,"Desk estimate US$1,400.00 FOB x 1.4 landed x NFEM rate (Oct 2026); verify",Abuja
M-BR-RAIL,Bridges & Heavy Structures,"Galvanised steel bridge parapet railing, per m",m,120000,96000.0,144000.0,0.02,LOW,,2026-10-01,Desk estimate (Oct 2026) - no reliable dated Nigerian source; verify with 3 supplier quotes,Abuja
M-BR-GIRD,Bridges & Heavy Structures,"Precast pre-tensioned bridge I-girder (25m class), delivered, per m",m,650000,520000.0,780000.0,0,LOW,,2026-10-01,Desk estimate (Oct 2026) - no reliable dated Nigerian source; verify with 3 supplier quotes,Abuja
M-BR-DWP,Bridges & Heavy Structures,"Bridge deck waterproofing membrane, per m2",m2,9500,7600.0,11400.0,0.08,LOW,,2026-10-01,Desk estimate (Oct 2026) - no reliable dated Nigerian source; verify with 3 supplier quotes,Abuja
M-BR-SCUP,Bridges & Heavy Structures,Deck drainage scupper with downpipe,nr,85000,68000.0,102000.0,0,LOW,,2026-10-01,Desk estimate (Oct 2026) - no reliable dated Nigerian source; verify with 3 supplier quotes,Abuja
M-BR-ECR,Bridges & Heavy Structures,"Epoxy-coated high-yield rebar, per tonne",t,1344000.0,1142400.0,1545600.0,0.05,LOW,,2026-10-01,Derived from M-STL-01,Abuja
M-BR-ALFW,Bridges & Heavy Structures,"Aluminium slab formwork system hire, per m2 per month",m2,4500,3600.0,5400.0,0,LOW,,2026-10-01,Desk estimate (Oct 2026) - no reliable dated Nigerian source; verify with 3 supplier quotes,Abuja
M-BR-SHOR,Bridges & Heavy Structures,"Heavy-duty shoring tower hire, per tower per month",nr,35000,28000.0,42000.0,0,LOW,,2026-10-01,Desk estimate (Oct 2026) - no reliable dated Nigerian source; verify with 3 supplier quotes,Abuja
M-MR-AR13,"Marine, Ports & Reclamation","Armour rock 1-3t, delivered to site, per tonne",t,32000,25600.0,38400.0,0.03,LOW,,2026-10-01,Desk estimate (Oct 2026) - no reliable dated Nigerian source; verify with 3 supplier quotes,Abuja
M-MR-AR36,"Marine, Ports & Reclamation","Armour rock 3-6t, delivered to site, per tonne",t,38000,30400.0,45600.0,0.03,LOW,,2026-10-01,Desk estimate (Oct 2026) - no reliable dated Nigerian source; verify with 3 supplier quotes,Abuja
M-MR-CORE,"Marine, Ports & Reclamation","Core rock / quarry run 1-500kg, delivered, per tonne",t,22000,17600.0,26400.0,0.03,LOW,,2026-10-01,Desk estimate (Oct 2026) - no reliable dated Nigerian source; verify with 3 supplier quotes,Abuja
M-MR-UL,"Marine, Ports & Reclamation","Underlayer/filter rock 50-300kg, delivered, per tonne",t,26000,20800.0,31200.0,0.03,LOW,,2026-10-01,Desk estimate (Oct 2026) - no reliable dated Nigerian source; verify with 3 supplier quotes,Abuja
M-MR-ROY,"Marine, Ports & Reclamation","Dredged sand licence/royalty & environmental levy, per m3",m3,400,320.0,480.0,0,LOW,,2026-10-01,Desk estimate (Oct 2026) - no reliable dated Nigerian source; verify with 3 supplier quotes,Abuja
M-MR-FCONE,"Marine, Ports & Reclamation",Cone fender SCN1000 with frontal frame,nr,16795800.0,13436640.0,20154960.0,0,LOW,,2026-10-01,"Desk estimate US$9,000.00 FOB x 1.4 landed x NFEM rate (Oct 2026); verify",Abuja
M-MR-FCYL,"Marine, Ports & Reclamation","Cylindrical rubber fender 1000mm OD, per m",m,839790.0,671832.0,1007748.0,0,LOW,,2026-10-01,Desk estimate US$450.00 FOB x 1.4 landed x NFEM rate (Oct 2026); verify,Abuja
M-MR-FD300,"Marine, Ports & Reclamation","D-fender 300H, per m",m,410564.0,328451.2,492676.8,0,LOW,,2026-10-01,Desk estimate US$220.00 FOB x 1.4 landed x NFEM rate (Oct 2026); verify,Abuja
M-MR-BOL50,"Marine, Ports & Reclamation","Mooring bollard 50t, cast iron/steel",nr,4852120.0,3881696.0,5822544.0,0,LOW,,2026-10-01,"Desk estimate US$2,600.00 FOB x 1.4 landed x NFEM rate (Oct 2026); verify",Abuja
M-MR-BOL100,"Marine, Ports & Reclamation","Mooring bollard 100t, cast steel",nr,7838040.0,6270432.0,9405648.0,0,LOW,,2026-10-01,"Desk estimate US$4,200.00 FOB x 1.4 landed x NFEM rate (Oct 2026); verify",Abuja
M-MR-RAIL,"Marine, Ports & Reclamation","Crane rail A120, per m",m,429226.0,343380.8,515071.2,0.02,LOW,,2026-10-01,Desk estimate US$230.00 FOB x 1.4 landed x NFEM rate (Oct 2026); verify,Abuja
M-MR-LADR,"Marine, Ports & Reclamation","Galvanised quay ladder, per m",m,95000,76000.0,114000.0,0,LOW,,2026-10-01,Desk estimate (Oct 2026) - no reliable dated Nigerian source; verify with 3 supplier quotes,Abuja
M-MR-BUOY,"Marine, Ports & Reclamation",Navigation buoy 2.4m with solar lantern,nr,27993000.0,22394400.0,33591600.0,0,LOW,,2026-10-01,"Desk estimate US$15,000.00 FOB x 1.4 landed x NFEM rate (Oct 2026); verify",Abuja
M-MR-CHAIN,"Marine, Ports & Reclamation","Stud-link mooring chain 38mm, per m",m,45000,36000.0,54000.0,0.02,LOW,,2026-10-01,Desk estimate (Oct 2026) - no reliable dated Nigerian source; verify with 3 supplier quotes,Abuja
M-MR-SILT,"Marine, Ports & Reclamation","Floating silt curtain (turbidity barrier), per m",m,89577.6,71662.08,107493.12,0.05,LOW,,2026-10-01,Desk estimate US$48.00 FOB x 1.4 landed x NFEM rate (Oct 2026); verify,Abuja
M-MR-FPIPE,"Marine, Ports & Reclamation","Floating HDPE dredge discharge pipeline 800mm with floats, per m",m,709156.0,567324.8,850987.2,0,LOW,,2026-10-01,Desk estimate US$380.00 FOB x 1.4 landed x NFEM rate (Oct 2026); verify,Abuja
M-MR-SPIPE,"Marine, Ports & Reclamation","Steel dredge discharge pipe 800mm, per m",m,485212.0,388169.6,582254.4,0,LOW,,2026-10-01,Desk estimate US$260.00 FOB x 1.4 landed x NFEM rate (Oct 2026); verify,Abuja
M-MR-PAINT,"Marine, Ports & Reclamation","Marine epoxy/coal-tar paint, per litre",L,14000,11200.0,16800.0,0.1,LOW,,2026-10-01,Desk estimate (Oct 2026) - no reliable dated Nigerian source; verify with 3 supplier quotes,Abuja
M-RD-PMB,Roads & Highways (Additional),"Polymer-modified bitumen (PMB), per tonne",t,1687500.0,1434375.0,1940625.0,0.02,LOW,,2026-10-01,Derived from M-RD-01,Abuja
M-RD-ABC,Roads & Highways (Additional),"Asphalt base course, ex-plant, per tonne",t,145000,116000.0,174000.0,0.03,LOW,,2026-10-01,Desk estimate (Oct 2026) - no reliable dated Nigerian source; verify with 3 supplier quotes,Abuja
M-RD-CHIP,Roads & Highways (Additional),"Surface dressing chippings 10/14mm, per tonne",t,21000,16800.0,25200.0,0.05,LOW,,2026-10-01,Desk estimate (Oct 2026) - no reliable dated Nigerian source; verify with 3 supplier quotes,Abuja
M-RD-COLD,Roads & Highways (Additional),"Cold-mix asphalt (pothole repair), 25kg bag",bag,9500,7600.0,11400.0,0.03,LOW,,2026-10-01,Desk estimate (Oct 2026) - no reliable dated Nigerian source; verify with 3 supplier quotes,Abuja
M-RD-DWL,Roads & Highways (Additional),"Dowel bar 32mm, coated, per m",m,7986.0,6388.8,9583.2,0.05,LOW,,2026-10-01,Derived from M-STL-09,Abuja
M-RD-TIE,Roads & Highways (Additional),"Tie bar 16mm deformed, per m",m,1656.9,1325.52,1988.28,0.05,LOW,,2026-10-01,Derived from M-STL-01,Abuja
M-RD-JSL,Roads & Highways (Additional),"Hot-poured joint sealant, per kg",kg,4500,3600.0,5400.0,0.08,LOW,,2026-10-01,Desk estimate (Oct 2026) - no reliable dated Nigerian source; verify with 3 supplier quotes,Abuja
M-RD-TSIG,Roads & Highways (Additional),"Traffic signal set, 4-way junction with controller (solar-ready)",set,22394400.0,17915520.0,26873280.0,0,LOW,,2026-10-01,"Desk estimate US$12,000.00 FOB x 1.4 landed x NFEM rate (Oct 2026); verify",Abuja
M-RD-SSL,Roads & Highways (Additional),Solar street light 60W all-in-one with 6m pole,nr,420000,336000.0,504000.0,0,LOW,,2026-10-01,Desk estimate (Oct 2026) - no reliable dated Nigerian source; verify with 3 supplier quotes,Abuja
M-RD-SHT,Roads & Highways (Additional),"Retro-reflective sign sheeting (high intensity), per m2",m2,52253.6,41802.88,62704.32,0.1,LOW,,2026-10-01,Desk estimate US$28.00 FOB x 1.4 landed x NFEM rate (Oct 2026); verify,Abuja
M-RD-PLATE,Roads & Highways (Additional),"Aluminium sign plate 2mm, per m2",m2,28000,22400.0,33600.0,0.05,LOW,,2026-10-01,Desk estimate (Oct 2026) - no reliable dated Nigerian source; verify with 3 supplier quotes,Abuja
M-RD-TERM,Roads & Highways (Additional),Guardrail end terminal,nr,450000,360000.0,540000.0,0,LOW,,2026-10-01,Desk estimate (Oct 2026) - no reliable dated Nigerian source; verify with 3 supplier quotes,Abuja
M-RD-BAR,Roads & Highways (Additional),"Precast concrete safety barrier (New Jersey), per m",m,95000,76000.0,114000.0,0.02,LOW,,2026-10-01,Desk estimate (Oct 2026) - no reliable dated Nigerian source; verify with 3 supplier quotes,Abuja
M-RD-HC600,Roads & Highways (Additional),"HDPE twin-wall corrugated culvert pipe 600mm, per m",m,55000,44000.0,66000.0,0.03,LOW,,2026-10-01,Desk estimate (Oct 2026) - no reliable dated Nigerian source; verify with 3 supplier quotes,Abuja
M-RD-HC900,Roads & Highways (Additional),"HDPE twin-wall corrugated culvert pipe 900mm, per m",m,95000,76000.0,114000.0,0.03,LOW,,2026-10-01,Desk estimate (Oct 2026) - no reliable dated Nigerian source; verify with 3 supplier quotes,Abuja
M-RD-BC15,Roads & Highways (Additional),"Precast box culvert 1.5x1.5m, delivered, per m",m,420000,336000.0,504000.0,0,LOW,,2026-10-01,Desk estimate (Oct 2026) - no reliable dated Nigerian source; verify with 3 supplier quotes,Abuja
M-RD-BC2,Roads & Highways (Additional),"Precast box culvert 2.0x2.0m, delivered, per m",m,600000,480000.0,720000.0,0,LOW,,2026-10-01,Desk estimate (Oct 2026) - no reliable dated Nigerian source; verify with 3 supplier quotes,Abuja
M-RD-HUMP,Roads & Highways (Additional),"Rubber speed hump module, per m",m,35000,28000.0,42000.0,0.02,LOW,,2026-10-01,Desk estimate (Oct 2026) - no reliable dated Nigerian source; verify with 3 supplier quotes,Abuja
M-RD-PNT,Roads & Highways (Additional),"Road marking paint, 20L",pail,85000,68000.0,102000.0,0.05,LOW,,2026-10-01,Desk estimate (Oct 2026) - no reliable dated Nigerian source; verify with 3 supplier quotes,Abuja
M-RL-RST,Railways,"Rail steel (UIC60/54E1 profile), per tonne",t,1772890.0,1418312.0,2127468.0,0.02,LOW,,2026-10-01,Desk estimate US$950.00 FOB x 1.4 landed x NFEM rate (Oct 2026); verify,Abuja
M-RL-UIC60,Railways,"Rail UIC60 (60.21 kg/m), per m",m,106745.71,85396.57,128094.85,0.02,LOW,,2026-10-01,Derived from M-RL-RST,Abuja
M-RL-54E1,Railways,"Rail 54E1 (54.77 kg/m), per m",m,97101.19,77680.95,116521.42,0.02,LOW,,2026-10-01,Derived from M-RL-RST,Abuja
M-RL-SLP,Railways,"Prestressed concrete sleeper, standard gauge",nr,120000,96000.0,144000.0,0.01,LOW,,2026-10-01,Desk estimate (Oct 2026) - no reliable dated Nigerian source; verify with 3 supplier quotes,Abuja
M-RL-SSLP,Railways,Steel sleeper,nr,167958.0,134366.4,201549.6,0.01,LOW,,2026-10-01,Desk estimate US$90.00 FOB x 1.4 landed x NFEM rate (Oct 2026); verify,Abuja
M-RL-BAL,Railways,"Track ballast 25-50mm crushed granite, delivered, per tonne",t,22000,17600.0,26400.0,0.05,LOW,,2026-10-01,Desk estimate (Oct 2026) - no reliable dated Nigerian source; verify with 3 supplier quotes,Abuja
M-RL-SUB,Railways,"Sub-ballast (graded crushed stone), per tonne",t,12000,9600.0,14400.0,0.05,LOW,,2026-10-01,Desk estimate (Oct 2026) - no reliable dated Nigerian source; verify with 3 supplier quotes,Abuja
M-RL-FAST,Railways,"Elastic rail fastening set per sleeper (clips, pads, insulators)",set,52253.6,41802.88,62704.32,0.02,LOW,,2026-10-01,Desk estimate US$28.00 FOB x 1.4 landed x NFEM rate (Oct 2026); verify,Abuja
M-RL-TO12,Railways,Turnout 1:12 UIC60 complete set,set,242606000.0,194084800.0,291127200.0,0,LOW,,2026-10-01,"Desk estimate US$130,000.00 FOB x 1.4 landed x NFEM rate (Oct 2026); verify",Abuja
M-RL-TKIT,Railways,Aluminothermic (thermite) rail weld kit,nr,354578.0,283662.4,425493.6,0.03,LOW,,2026-10-01,Desk estimate US$190.00 FOB x 1.4 landed x NFEM rate (Oct 2026); verify,Abuja
M-RL-FISH,Railways,Fishplate pair with bolts,set,111972.0,89577.6,134366.4,0,LOW,,2026-10-01,Desk estimate US$60.00 FOB x 1.4 landed x NFEM rate (Oct 2026); verify,Abuja
M-RL-BUF,Railways,Friction buffer stop,nr,16795800.0,13436640.0,20154960.0,0,LOW,,2026-10-01,"Desk estimate US$9,000.00 FOB x 1.4 landed x NFEM rate (Oct 2026); verify",Abuja
M-PW-33C240,Power Transmission & Distribution,"33kV 1-core 240mm2 Cu XLPE/SWA cable, per m",m,53000,46600.0,59400.0,0.03,MEDIUM,2026-10-01,2026-10-01,"electrical.ng listing (2026): 240mm2 SWA 11-33kV single-core XLPE Cu N48,000-58,000",Abuja
M-PW-33C185AL,Power Transmission & Distribution,"33kV 3-core 185mm2 Al XLPE armoured cable, per m",m,42000,33600.0,50400.0,0.03,LOW,,2026-10-01,Desk estimate (Oct 2026) - no reliable dated Nigerian source; verify with 3 supplier quotes,Abuja
M-PW-11C95,Power Transmission & Distribution,"11kV 3-core 95mm2 Cu XLPE armoured cable, per m",m,58000,46400.0,69600.0,0.03,LOW,,2026-10-01,Desk estimate (Oct 2026) - no reliable dated Nigerian source; verify with 3 supplier quotes,Abuja
M-PW-11C185,Power Transmission & Distribution,"11kV 3-core 185mm2 Cu XLPE armoured cable, per m",m,105000,84000.0,126000.0,0.03,LOW,,2026-10-01,Desk estimate (Oct 2026) - no reliable dated Nigerian source; verify with 3 supplier quotes,Abuja
M-PW-LV120,Power Transmission & Distribution,"0.6/1kV 4-core 120mm2 Cu XLPE/SWA cable, per m",m,150000,120000.0,180000.0,0.03,LOW,,2026-10-01,Desk estimate (Oct 2026) - no reliable dated Nigerian source; verify with 3 supplier quotes,Abuja
M-PW-LV185,Power Transmission & Distribution,"0.6/1kV 4-core 185mm2 Cu XLPE/SWA cable, per m",m,225000,180000.0,270000.0,0.03,LOW,,2026-10-01,Desk estimate (Oct 2026) - no reliable dated Nigerian source; verify with 3 supplier quotes,Abuja
M-PW-LV240,Power Transmission & Distribution,"0.6/1kV 4-core 240mm2 Cu XLPE/SWA cable, per m",m,290000,232000.0,348000.0,0.03,LOW,,2026-10-01,Desk estimate (Oct 2026) - no reliable dated Nigerian source; verify with 3 supplier quotes,Abuja
M-PW-ABC,Power Transmission & Distribution,"Aerial bundled cable 3x70+54.6mm2, per m",m,9500,7600.0,11400.0,0.03,LOW,,2026-10-01,Desk estimate (Oct 2026) - no reliable dated Nigerian source; verify with 3 supplier quotes,Abuja
M-PW-AAC100,Power Transmission & Distribution,"AAC conductor 100mm2, per m",m,1200,960.0,1440.0,0.03,LOW,,2026-10-01,Desk estimate (Oct 2026) - no reliable dated Nigerian source; verify with 3 supplier quotes,Abuja
M-PW-ACSR150,Power Transmission & Distribution,"ACSR conductor 150/25mm2, per m",m,2300,1840.0,2760.0,0.03,LOW,,2026-10-01,Desk estimate (Oct 2026) - no reliable dated Nigerian source; verify with 3 supplier quotes,Abuja
M-PW-P12,Power Transmission & Distribution,Prestressed concrete pole 12m,nr,320000,256000.0,384000.0,0,LOW,,2026-10-01,Desk estimate (Oct 2026) - no reliable dated Nigerian source; verify with 3 supplier quotes,Abuja
M-PW-P15,Power Transmission & Distribution,Prestressed concrete pole 15m,nr,480000,384000.0,576000.0,0,LOW,,2026-10-01,Desk estimate (Oct 2026) - no reliable dated Nigerian source; verify with 3 supplier quotes,Abuja
M-PW-TWR,Power Transmission & Distribution,"Galvanised steel lattice transmission tower (132kV), per tonne",t,3545780.0,2836624.0,4254936.0,0.02,LOW,,2026-10-01,"Desk estimate US$1,900.00 FOB x 1.4 landed x NFEM rate (Oct 2026); verify",Abuja
M-PW-PIN,Power Transmission & Distribution,33kV pin insulator with spindle,nr,18000,14400.0,21600.0,0.02,LOW,,2026-10-01,Desk estimate (Oct 2026) - no reliable dated Nigerian source; verify with 3 supplier quotes,Abuja
M-PW-DISC,Power Transmission & Distribution,33kV disc insulator string (3 discs) with fittings,set,45000,36000.0,54000.0,0,LOW,,2026-10-01,Desk estimate (Oct 2026) - no reliable dated Nigerian source; verify with 3 supplier quotes,Abuja
M-PW-XARM,Power Transmission & Distribution,Galvanised steel cross-arm 33kV,nr,65000,52000.0,78000.0,0,LOW,,2026-10-01,Desk estimate (Oct 2026) - no reliable dated Nigerian source; verify with 3 supplier quotes,Abuja
M-PW-STAY,Power Transmission & Distribution,"Stay set complete (rod, wire, insulator)",set,75000,60000.0,90000.0,0,LOW,,2026-10-01,Desk estimate (Oct 2026) - no reliable dated Nigerian source; verify with 3 supplier quotes,Abuja
M-PW-LA33,Power Transmission & Distribution,Surge (lightning) arrester 11/33kV,nr,85000,68000.0,102000.0,0,LOW,,2026-10-01,Desk estimate (Oct 2026) - no reliable dated Nigerian source; verify with 3 supplier quotes,Abuja
M-PW-DOF,Power Transmission & Distribution,Drop-out fuse set 11/33kV (3 phases),set,650000,520000.0,780000.0,0,LOW,,2026-10-01,Desk estimate (Oct 2026) - no reliable dated Nigerian source; verify with 3 supplier quotes,Abuja
M-PW-RMU,Power Transmission & Distribution,Ring main unit 11kV 3-way SF6,nr,33591600.0,26873280.0,40309920.0,0,LOW,,2026-10-01,"Desk estimate US$18,000.00 FOB x 1.4 landed x NFEM rate (Oct 2026); verify",Abuja
M-PW-VCB33,Power Transmission & Distribution,33kV outdoor vacuum circuit breaker with CT/relay,nr,48521200.0,38816960.0,58225440.0,0,LOW,,2026-10-01,"Desk estimate US$26,000.00 FOB x 1.4 landed x NFEM rate (Oct 2026); verify",Abuja
M-PW-T7M5,Power Transmission & Distribution,Power transformer 7.5MVA 33/11kV,nr,354578000.0,283662400.0,425493600.0,0,LOW,,2026-10-01,"Desk estimate US$190,000.00 FOB x 1.4 landed x NFEM rate (Oct 2026); verify",Abuja
M-PW-T100,Power Transmission & Distribution,Distribution transformer 100kVA 11/0.415kV (supply),nr,22000000,17600000.0,26400000.0,0,LOW,,2026-10-01,Desk estimate (Oct 2026) - no reliable dated Nigerian source; verify with 3 supplier quotes,Abuja
M-PW-T200,Power Transmission & Distribution,Distribution transformer 200kVA 11/0.415kV (supply),nr,32000000,25600000.0,38400000.0,0,LOW,,2026-10-01,Desk estimate (Oct 2026) - no reliable dated Nigerian source; verify with 3 supplier quotes,Abuja
M-PW-T1000,Power Transmission & Distribution,Distribution transformer 1000kVA 11/0.415kV (supply),nr,95000000,76000000.0,114000000.0,0,LOW,,2026-10-01,Desk estimate (Oct 2026) - no reliable dated Nigerian source; verify with 3 supplier quotes,Abuja
M-PW-FP800,Power Transmission & Distribution,"Feeder pillar 800A, 6-way",nr,4500000,3600000.0,5400000.0,0,LOW,,2026-10-01,Desk estimate (Oct 2026) - no reliable dated Nigerian source; verify with 3 supplier quotes,Abuja
M-PW-PPM1,Power Transmission & Distribution,"Prepaid energy meter, single-phase",nr,85000,68000.0,102000.0,0,LOW,,2026-10-01,Desk estimate (Oct 2026) - no reliable dated Nigerian source; verify with 3 supplier quotes,Abuja
M-PW-PPM3,Power Transmission & Distribution,"Prepaid energy meter, three-phase",nr,160000,128000.0,192000.0,0,LOW,,2026-10-01,Desk estimate (Oct 2026) - no reliable dated Nigerian source; verify with 3 supplier quotes,Abuja
M-PW-33TRM,Power Transmission & Distribution,33kV heat-shrink termination kit (3 phases),set,450000,360000.0,540000.0,0,LOW,,2026-10-01,Desk estimate (Oct 2026) - no reliable dated Nigerian source; verify with 3 supplier quotes,Abuja
M-PW-11TRM,Power Transmission & Distribution,11kV heat-shrink termination kit (3-core),set,280000,224000.0,336000.0,0,LOW,,2026-10-01,Desk estimate (Oct 2026) - no reliable dated Nigerian source; verify with 3 supplier quotes,Abuja
M-PW-33JNT,Power Transmission & Distribution,33kV straight-through joint kit,set,650000,520000.0,780000.0,0,LOW,,2026-10-01,Desk estimate (Oct 2026) - no reliable dated Nigerian source; verify with 3 supplier quotes,Abuja
M-PW-CUT,Power Transmission & Distribution,"Copper tape 25x3mm (earthing/lightning), per m",m,6500,5200.0,7800.0,0.05,LOW,,2026-10-01,Desk estimate (Oct 2026) - no reliable dated Nigerian source; verify with 3 supplier quotes,Abuja
M-PW-G20,Power Transmission & Distribution,Diesel generator 20kVA soundproof (supply),nr,9500000,7600000.0,11400000.0,0,LOW,,2026-10-01,Desk estimate (Oct 2026) - no reliable dated Nigerian source; verify with 3 supplier quotes,Abuja
M-PW-G100,Power Transmission & Distribution,Diesel generator 100kVA soundproof (supply),nr,32000000,25600000.0,38400000.0,0,LOW,,2026-10-01,Desk estimate (Oct 2026) - no reliable dated Nigerian source; verify with 3 supplier quotes,Abuja
M-PW-G250,Power Transmission & Distribution,Diesel generator 250kVA soundproof (supply),nr,65000000,52000000.0,78000000.0,0,LOW,,2026-10-01,Desk estimate (Oct 2026) - no reliable dated Nigerian source; verify with 3 supplier quotes,Abuja
M-PW-G500,Power Transmission & Distribution,Diesel generator 500kVA soundproof (supply),nr,120000000,96000000.0,144000000.0,0,LOW,,2026-10-01,Desk estimate (Oct 2026) - no reliable dated Nigerian source; verify with 3 supplier quotes,Abuja
M-WT-HDPEKG,Water Supply & Sewerage,"HDPE PE100 pressure pipe, price per kg (basis for all sizes)",kg,4200,3360.0,5040.0,0,LOW,,2026-10-01,Desk estimate (Oct 2026) - no reliable dated Nigerian source; verify with 3 supplier quotes,Abuja
M-WT-H17-63,Water Supply & Sewerage,"HDPE PE100 SDR17 (PN10) pipe 63mm (0.66 kg/m), per m",m,2783.39,2226.71,3340.06,0.03,LOW,,2026-10-01,Derived from M-WT-HDPEKG,Abuja
M-WT-H17-90,Water Supply & Sewerage,"HDPE PE100 SDR17 (PN10) pipe 90mm (1.35 kg/m), per m",m,5680.38,4544.31,6816.46,0.03,LOW,,2026-10-01,Derived from M-WT-HDPEKG,Abuja
M-WT-H17-110,Water Supply & Sewerage,"HDPE PE100 SDR17 (PN10) pipe 110mm (2.02 kg/m), per m",m,8485.51,6788.41,10182.61,0.03,LOW,,2026-10-01,Derived from M-WT-HDPEKG,Abuja
M-WT-H17-160,Water Supply & Sewerage,"HDPE PE100 SDR17 (PN10) pipe 160mm (4.27 kg/m), per m",m,17952.81,14362.25,21543.37,0.03,LOW,,2026-10-01,Derived from M-WT-HDPEKG,Abuja
M-WT-H17-200,Water Supply & Sewerage,"HDPE PE100 SDR17 (PN10) pipe 200mm (6.68 kg/m), per m",m,28051.27,22441.02,33661.52,0.03,LOW,,2026-10-01,Derived from M-WT-HDPEKG,Abuja
M-WT-H17-250,Water Supply & Sewerage,"HDPE PE100 SDR17 (PN10) pipe 250mm (10.44 kg/m), per m",m,43830.11,35064.09,52596.13,0.03,LOW,,2026-10-01,Derived from M-WT-HDPEKG,Abuja
M-WT-H17-315,Water Supply & Sewerage,"HDPE PE100 SDR17 (PN10) pipe 315mm (16.57 kg/m), per m",m,69584.68,55667.74,83501.62,0.03,LOW,,2026-10-01,Derived from M-WT-HDPEKG,Abuja
M-WT-H17-400,Water Supply & Sewerage,"HDPE PE100 SDR17 (PN10) pipe 400mm (26.72 kg/m), per m",m,112205.08,89764.06,134646.09,0.03,LOW,,2026-10-01,Derived from M-WT-HDPEKG,Abuja
M-WT-H17-500,Water Supply & Sewerage,"HDPE PE100 SDR17 (PN10) pipe 500mm (41.74 kg/m), per m",m,175320.44,140256.35,210384.52,0.03,LOW,,2026-10-01,Derived from M-WT-HDPEKG,Abuja
M-WT-H17-630,Water Supply & Sewerage,"HDPE PE100 SDR17 (PN10) pipe 630mm (66.27 kg/m), per m",m,278338.72,222670.98,334006.47,0.03,LOW,,2026-10-01,Derived from M-WT-HDPEKG,Abuja
M-WT-H11-32,Water Supply & Sewerage,"HDPE PE100 SDR11 (PN16) pipe 32mm (0.26 kg/m), per m",m,1071.97,857.58,1286.37,0.03,LOW,,2026-10-01,Derived from M-WT-HDPEKG,Abuja
M-WT-H11-50,Water Supply & Sewerage,"HDPE PE100 SDR11 (PN16) pipe 50mm (0.62 kg/m), per m",m,2617.13,2093.7,3140.56,0.03,LOW,,2026-10-01,Derived from M-WT-HDPEKG,Abuja
M-WT-H11-63,Water Supply & Sewerage,"HDPE PE100 SDR11 (PN16) pipe 63mm (0.99 kg/m), per m",m,4154.95,3323.96,4985.95,0.03,LOW,,2026-10-01,Derived from M-WT-HDPEKG,Abuja
M-WT-H11-90,Water Supply & Sewerage,"HDPE PE100 SDR11 (PN16) pipe 90mm (2.02 kg/m), per m",m,8479.5,6783.6,10175.4,0.03,LOW,,2026-10-01,Derived from M-WT-HDPEKG,Abuja
M-WT-H11-110,Water Supply & Sewerage,"HDPE PE100 SDR11 (PN16) pipe 110mm (3.02 kg/m), per m",m,12666.9,10133.52,15200.28,0.03,LOW,,2026-10-01,Derived from M-WT-HDPEKG,Abuja
M-WT-EF110,Water Supply & Sewerage,Electrofusion coupler 110mm,nr,22394.4,17915.52,26873.28,0,LOW,,2026-10-01,Desk estimate US$12.00 FOB x 1.4 landed x NFEM rate (Oct 2026); verify,Abuja
M-WT-EF160,Water Supply & Sewerage,Electrofusion coupler 160mm,nr,41056.4,32845.12,49267.68,0,LOW,,2026-10-01,Desk estimate US$22.00 FOB x 1.4 landed x NFEM rate (Oct 2026); verify,Abuja
M-WT-EF250,Water Supply & Sewerage,Electrofusion coupler 250mm,nr,111972.0,89577.6,134366.4,0,LOW,,2026-10-01,Desk estimate US$60.00 FOB x 1.4 landed x NFEM rate (Oct 2026); verify,Abuja
M-WT-DIT,Water Supply & Sewerage,"Ductile iron pipe K9 cement-lined, per tonne",t,1959510.0,1567608.0,2351412.0,0.02,LOW,,2026-10-01,"Desk estimate US$1,050.00 FOB x 1.4 landed x NFEM rate (Oct 2026); verify",Abuja
M-WT-DI100,Water Supply & Sewerage,"Ductile iron pipe DN100 K9 push-fit (17 kg/m), per m",m,33311.67,26649.34,39974.0,0.02,LOW,,2026-10-01,Derived from M-WT-DIT,Abuja
M-WT-DI150,Water Supply & Sewerage,"Ductile iron pipe DN150 K9 push-fit (25.5 kg/m), per m",m,49967.5,39974.0,59961.01,0.02,LOW,,2026-10-01,Derived from M-WT-DIT,Abuja
M-WT-DI200,Water Supply & Sewerage,"Ductile iron pipe DN200 K9 push-fit (34.5 kg/m), per m",m,67603.1,54082.48,81123.71,0.02,LOW,,2026-10-01,Derived from M-WT-DIT,Abuja
M-WT-DI300,Water Supply & Sewerage,"Ductile iron pipe DN300 K9 push-fit (58 kg/m), per m",m,113651.58,90921.26,136381.9,0.02,LOW,,2026-10-01,Derived from M-WT-DIT,Abuja
M-WT-DI400,Water Supply & Sewerage,"Ductile iron pipe DN400 K9 push-fit (82 kg/m), per m",m,160679.82,128543.86,192815.78,0.02,LOW,,2026-10-01,Derived from M-WT-DIT,Abuja
M-WT-DI600,Water Supply & Sewerage,"Ductile iron pipe DN600 K9 push-fit (140 kg/m), per m",m,274331.4,219465.12,329197.68,0.02,LOW,,2026-10-01,Derived from M-WT-DIT,Abuja
M-WT-GRP600,Water Supply & Sewerage,"GRP pipe DN600 PN10, per m",m,261268.0,209014.4,313521.6,0.02,LOW,,2026-10-01,Desk estimate US$140.00 FOB x 1.4 landed x NFEM rate (Oct 2026); verify,Abuja
M-WT-GRP1000,Water Supply & Sewerage,"GRP pipe DN1000 PN10, per m",m,615846.0,492676.8,739015.2,0.02,LOW,,2026-10-01,Desk estimate US$330.00 FOB x 1.4 landed x NFEM rate (Oct 2026); verify,Abuja
M-WT-SW200,Water Supply & Sewerage,"uPVC structured-wall sewer pipe 200mm, per m",m,14000,11200.0,16800.0,0.03,LOW,,2026-10-01,Desk estimate (Oct 2026) - no reliable dated Nigerian source; verify with 3 supplier quotes,Abuja
M-WT-SW250,Water Supply & Sewerage,"uPVC structured-wall sewer pipe 250mm, per m",m,21000,16800.0,25200.0,0.03,LOW,,2026-10-01,Desk estimate (Oct 2026) - no reliable dated Nigerian source; verify with 3 supplier quotes,Abuja
M-WT-SW300,Water Supply & Sewerage,"uPVC structured-wall sewer pipe 300mm, per m",m,30000,24000.0,36000.0,0.03,LOW,,2026-10-01,Desk estimate (Oct 2026) - no reliable dated Nigerian source; verify with 3 supplier quotes,Abuja
M-WT-GV100,Water Supply & Sewerage,Resilient-seat gate valve DN100 PN16 (DI),nr,485212.0,388169.6,582254.4,0,LOW,,2026-10-01,Desk estimate US$260.00 FOB x 1.4 landed x NFEM rate (Oct 2026); verify,Abuja
M-WT-GV150,Water Supply & Sewerage,Resilient-seat gate valve DN150 PN16 (DI),nr,709156.0,567324.8,850987.2,0,LOW,,2026-10-01,Desk estimate US$380.00 FOB x 1.4 landed x NFEM rate (Oct 2026); verify,Abuja
M-WT-GV200,Water Supply & Sewerage,Resilient-seat gate valve DN200 PN16 (DI),nr,1119720.0,895776.0,1343664.0,0,LOW,,2026-10-01,Desk estimate US$600.00 FOB x 1.4 landed x NFEM rate (Oct 2026); verify,Abuja
M-WT-GV300,Water Supply & Sewerage,Resilient-seat gate valve DN300 PN16 (DI),nr,2426060.0,1940848.0,2911272.0,0,LOW,,2026-10-01,"Desk estimate US$1,300.00 FOB x 1.4 landed x NFEM rate (Oct 2026); verify",Abuja
M-WT-BF300,Water Supply & Sewerage,Butterfly valve DN300 PN16,nr,1213030.0,970424.0,1455636.0,0,LOW,,2026-10-01,Desk estimate US$650.00 FOB x 1.4 landed x NFEM rate (Oct 2026); verify,Abuja
M-WT-BF600,Water Supply & Sewerage,Butterfly valve DN600 PN16 with gearbox,nr,4478880.0,3583104.0,5374656.0,0,LOW,,2026-10-01,"Desk estimate US$2,400.00 FOB x 1.4 landed x NFEM rate (Oct 2026); verify",Abuja
M-WT-AV50,Water Supply & Sewerage,Double air release valve DN50,nr,447888.0,358310.4,537465.6,0,LOW,,2026-10-01,Desk estimate US$240.00 FOB x 1.4 landed x NFEM rate (Oct 2026); verify,Abuja
M-WT-HYD,Water Supply & Sewerage,Pillar fire hydrant DN100,nr,1213030.0,970424.0,1455636.0,0,LOW,,2026-10-01,Desk estimate US$650.00 FOB x 1.4 landed x NFEM rate (Oct 2026); verify,Abuja
M-WT-BM100,Water Supply & Sewerage,Bulk water meter DN100 (Woltman),nr,1679580.0,1343664.0,2015496.0,0,LOW,,2026-10-01,Desk estimate US$900.00 FOB x 1.4 landed x NFEM rate (Oct 2026); verify,Abuja
M-WT-DM15,Water Supply & Sewerage,Domestic water meter 15mm,nr,45000,36000.0,54000.0,0,LOW,,2026-10-01,Desk estimate (Oct 2026) - no reliable dated Nigerian source; verify with 3 supplier quotes,Abuja
M-WT-ALUM,Water Supply & Sewerage,"Aluminium sulphate (alum), 50kg bag",bag,28000,22400.0,33600.0,0.03,LOW,,2026-10-01,Desk estimate (Oct 2026) - no reliable dated Nigerian source; verify with 3 supplier quotes,Abuja
M-WT-HTH,Water Supply & Sewerage,"Calcium hypochlorite (HTH) 70%, 45kg drum",drum,230000,184000.0,276000.0,0.02,LOW,,2026-10-01,Desk estimate (Oct 2026) - no reliable dated Nigerian source; verify with 3 supplier quotes,Abuja
M-WT-FSAND,Water Supply & Sewerage,"Graded filter sand, per tonne",t,35000,28000.0,42000.0,0.05,LOW,,2026-10-01,Desk estimate (Oct 2026) - no reliable dated Nigerian source; verify with 3 supplier quotes,Abuja
M-WT-GAC,Water Supply & Sewerage,"Granular activated carbon, per kg",kg,5598.6,4478.88,6718.32,0.05,LOW,,2026-10-01,Desk estimate US$3.00 FOB x 1.4 landed x NFEM rate (Oct 2026); verify,Abuja
M-WT-GRP,Water Supply & Sewerage,"GRP sectional water tank, per m3 capacity",m3,335916.0,268732.8,403099.2,0,LOW,,2026-10-01,Desk estimate US$180.00 FOB x 1.4 landed x NFEM rate (Oct 2026); verify,Abuja
M-WT-STL,Water Supply & Sewerage,"Galvanised steel panel tank, per m3 capacity",m3,410564.0,328451.2,492676.8,0,LOW,,2026-10-01,Desk estimate US$220.00 FOB x 1.4 landed x NFEM rate (Oct 2026); verify,Abuja
M-WT-STP,Water Supply & Sewerage,Package sewage treatment plant 50m3/day,nr,89577600.0,71662080.0,107493120.0,0,LOW,,2026-10-01,"Desk estimate US$48,000.00 FOB x 1.4 landed x NFEM rate (Oct 2026); verify",Abuja
M-WT-D400,Water Supply & Sewerage,Ductile iron manhole cover & frame D400 (heavy duty),nr,280000,224000.0,336000.0,0,LOW,,2026-10-01,Desk estimate (Oct 2026) - no reliable dated Nigerian source; verify with 3 supplier quotes,Abuja
M-WT-MR1200,Water Supply & Sewerage,Precast manhole ring 1200mm dia x 1m,nr,85000,68000.0,102000.0,0.02,LOW,,2026-10-01,Desk estimate (Oct 2026) - no reliable dated Nigerian source; verify with 3 supplier quotes,Abuja
M-WT-CONE,Water Supply & Sewerage,Precast manhole cone/cover slab 1200mm,nr,95000,76000.0,114000.0,0.02,LOW,,2026-10-01,Desk estimate (Oct 2026) - no reliable dated Nigerian source; verify with 3 supplier quotes,Abuja
M-WT-SAK,Water Supply & Sewerage,Precast soakaway ring 1500mm dia,nr,75000,60000.0,90000.0,0.02,LOW,,2026-10-01,Desk estimate (Oct 2026) - no reliable dated Nigerian source; verify with 3 supplier quotes,Abuja
M-WT-SP3,Water Supply & Sewerage,Submersible borehole pump 3HP (supply),nr,650000,520000.0,780000.0,0,LOW,,2026-10-01,Desk estimate (Oct 2026) - no reliable dated Nigerian source; verify with 3 supplier quotes,Abuja
M-WT-SP55,Water Supply & Sewerage,Submersible borehole pump 5.5HP (supply),nr,1100000,880000.0,1320000.0,0,LOW,,2026-10-01,Desk estimate (Oct 2026) - no reliable dated Nigerian source; verify with 3 supplier quotes,Abuja
M-WT-ESP15,Water Supply & Sewerage,End-suction centrifugal pump set 15kW,nr,5225360.0,4180288.0,6270432.0,0,LOW,,2026-10-01,"Desk estimate US$2,800.00 FOB x 1.4 landed x NFEM rate (Oct 2026); verify",Abuja
M-FS-CP8,Fire Protection,Conventional fire alarm panel 8-zone,nr,650000,520000.0,780000.0,0,LOW,,2026-10-01,Desk estimate (Oct 2026) - no reliable dated Nigerian source; verify with 3 supplier quotes,Abuja
M-FS-AP2,Fire Protection,Addressable fire alarm panel 2-loop,nr,6531700.0,5225360.0,7838040.0,0,LOW,,2026-10-01,"Desk estimate US$3,500.00 FOB x 1.4 landed x NFEM rate (Oct 2026); verify",Abuja
M-FS-SMK,Fire Protection,Addressable optical smoke detector with base,nr,83979.0,67183.2,100774.8,0,LOW,,2026-10-01,Desk estimate US$45.00 FOB x 1.4 landed x NFEM rate (Oct 2026); verify,Abuja
M-FS-HEAT,Fire Protection,Addressable heat detector with base,nr,74648.0,59718.4,89577.6,0,LOW,,2026-10-01,Desk estimate US$40.00 FOB x 1.4 landed x NFEM rate (Oct 2026); verify,Abuja
M-FS-MCP,Fire Protection,Addressable manual call point,nr,74648.0,59718.4,89577.6,0,LOW,,2026-10-01,Desk estimate US$40.00 FOB x 1.4 landed x NFEM rate (Oct 2026); verify,Abuja
M-FS-SND,Fire Protection,Addressable sounder-beacon,nr,83979.0,67183.2,100774.8,0,LOW,,2026-10-01,Desk estimate US$45.00 FOB x 1.4 landed x NFEM rate (Oct 2026); verify,Abuja
M-FS-CAB,Fire Protection,"Fire-resistant cable 2-core 1.5mm2 (FP200-type), per m",m,1800,1440.0,2160.0,0.05,LOW,,2026-10-01,Desk estimate (Oct 2026) - no reliable dated Nigerian source; verify with 3 supplier quotes,Abuja
M-FS-SPK,Fire Protection,Sprinkler head pendent 68degC K5.6,nr,11197.2,8957.76,13436.64,0.02,LOW,,2026-10-01,Desk estimate US$6.00 FOB x 1.4 landed x NFEM rate (Oct 2026); verify,Abuja
M-FS-HRC,Fire Protection,"Fire hose reel 30m in cabinet, complete",nr,450000,360000.0,540000.0,0,LOW,,2026-10-01,Desk estimate (Oct 2026) - no reliable dated Nigerian source; verify with 3 supplier quotes,Abuja
M-FS-LV,Fire Protection,"Landing valve 2.5"" with blank cap",nr,335916.0,268732.8,403099.2,0,LOW,,2026-10-01,Desk estimate US$180.00 FOB x 1.4 landed x NFEM rate (Oct 2026); verify,Abuja
M-FS-PUMP,Fire Protection,Fire pump set 500gpm (electric + diesel + jockey) with controllers,set,70915600.0,56732480.0,85098720.0,0,LOW,,2026-10-01,"Desk estimate US$38,000.00 FOB x 1.4 landed x NFEM rate (Oct 2026); verify",Abuja
M-FS-DCP9,Fire Protection,Dry powder extinguisher 9kg,nr,45000,36000.0,54000.0,0,LOW,,2026-10-01,Desk estimate (Oct 2026) - no reliable dated Nigerian source; verify with 3 supplier quotes,Abuja
M-FS-CO25,Fire Protection,CO2 extinguisher 5kg,nr,85000,68000.0,102000.0,0,LOW,,2026-10-01,Desk estimate (Oct 2026) - no reliable dated Nigerian source; verify with 3 supplier quotes,Abuja
M-FS-FOAM9,Fire Protection,AFFF foam extinguisher 9L,nr,55000,44000.0,66000.0,0,LOW,,2026-10-01,Desk estimate (Oct 2026) - no reliable dated Nigerian source; verify with 3 supplier quotes,Abuja
M-FS-BLKT,Fire Protection,Fire blanket 1.2x1.2m,nr,18000,14400.0,21600.0,0,LOW,,2026-10-01,Desk estimate (Oct 2026) - no reliable dated Nigerian source; verify with 3 supplier quotes,Abuja
M-HV-VRFO,"HVAC, Lifts & ICT","VRF outdoor unit, per HP",HP,1213030.0,970424.0,1455636.0,0,LOW,,2026-10-01,Desk estimate US$650.00 FOB x 1.4 landed x NFEM rate (Oct 2026); verify,Abuja
M-HV-VRFI,"HVAC, Lifts & ICT",VRF indoor 4-way cassette 2HP,nr,1772890.0,1418312.0,2127468.0,0,LOW,,2026-10-01,Desk estimate US$950.00 FOB x 1.4 landed x NFEM rate (Oct 2026); verify,Abuja
M-HV-R410,"HVAC, Lifts & ICT","Refrigerant R410A, per kg",kg,12000,9600.0,14400.0,0.05,LOW,,2026-10-01,Desk estimate (Oct 2026) - no reliable dated Nigerian source; verify with 3 supplier quotes,Abuja
M-HV-DUCT,"HVAC, Lifts & ICT","Galvanised sheet ductwork (fabricated), per m2 of duct surface",m2,22000,17600.0,26400.0,0.08,LOW,,2026-10-01,Desk estimate (Oct 2026) - no reliable dated Nigerian source; verify with 3 supplier quotes,Abuja
M-HV-DIFF,"HVAC, Lifts & ICT",Square ceiling diffuser 600x600 with plenum,nr,45000,36000.0,54000.0,0,LOW,,2026-10-01,Desk estimate (Oct 2026) - no reliable dated Nigerian source; verify with 3 supplier quotes,Abuja
M-HV-CHL,"HVAC, Lifts & ICT","Air-cooled chiller, per ton of refrigeration (TR)",TR,1399650.0,1119720.0,1679580.0,0,LOW,,2026-10-01,Desk estimate US$750.00 FOB x 1.4 landed x NFEM rate (Oct 2026); verify,Abuja
M-HV-FS3,"HVAC, Lifts & ICT",Floor-standing split AC 3HP (supply),nr,1650000,1320000.0,1980000.0,0,LOW,,2026-10-01,Desk estimate (Oct 2026) - no reliable dated Nigerian source; verify with 3 supplier quotes,Abuja
M-HV-CAS3,"HVAC, Lifts & ICT",Ceiling cassette split AC 3HP (supply),nr,1850000,1480000.0,2220000.0,0,LOW,,2026-10-01,Desk estimate (Oct 2026) - no reliable dated Nigerian source; verify with 3 supplier quotes,Abuja
M-HV-EXF,"HVAC, Lifts & ICT",Inline duct exhaust fan 250mm,nr,180000,144000.0,216000.0,0,LOW,,2026-10-01,Desk estimate (Oct 2026) - no reliable dated Nigerian source; verify with 3 supplier quotes,Abuja
M-HV-LIFT,"HVAC, Lifts & ICT","Passenger lift 8-person (630kg) 5 stops, machine-room-less, supply & install",nr,85845200.0,68676160.0,103014240.0,0,LOW,,2026-10-01,"Desk estimate US$46,000.00 FOB x 1.4 landed x NFEM rate (Oct 2026); verify",Abuja
M-HV-LSTOP,"HVAC, Lifts & ICT",Passenger lift: each additional stop,nr,6531700.0,5225360.0,7838040.0,0,LOW,,2026-10-01,"Desk estimate US$3,500.00 FOB x 1.4 landed x NFEM rate (Oct 2026); verify",Abuja
M-HV-GLIFT,"HVAC, Lifts & ICT","Goods lift 1000kg 3 stops, supply & install",nr,97042400.0,77633920.0,116450880.0,0,LOW,,2026-10-01,"Desk estimate US$52,000.00 FOB x 1.4 landed x NFEM rate (Oct 2026); verify",Abuja
M-HV-ESC,"HVAC, Lifts & ICT","Escalator 1000mm step, 4.5m rise, supply & install",nr,177289000.0,141831200.0,212746800.0,0,LOW,,2026-10-01,"Desk estimate US$95,000.00 FOB x 1.4 landed x NFEM rate (Oct 2026); verify",Abuja
M-HV-C6O,"HVAC, Lifts & ICT",Cat6 RJ45 outlet with faceplate,nr,6500,5200.0,7800.0,0,LOW,,2026-10-01,Desk estimate (Oct 2026) - no reliable dated Nigerian source; verify with 3 supplier quotes,Abuja
M-HV-PP24,"HVAC, Lifts & ICT",Cat6 patch panel 24-port,nr,55000,44000.0,66000.0,0,LOW,,2026-10-01,Desk estimate (Oct 2026) - no reliable dated Nigerian source; verify with 3 supplier quotes,Abuja
M-HV-SW24,"HVAC, Lifts & ICT",Managed PoE network switch 24-port,nr,650000,520000.0,780000.0,0,LOW,,2026-10-01,Desk estimate (Oct 2026) - no reliable dated Nigerian source; verify with 3 supplier quotes,Abuja
M-HV-IPC,"HVAC, Lifts & ICT",IP CCTV camera 4MP (dome/bullet),nr,75000,60000.0,90000.0,0,LOW,,2026-10-01,Desk estimate (Oct 2026) - no reliable dated Nigerian source; verify with 3 supplier quotes,Abuja
M-HV-NVR,"HVAC, Lifts & ICT",Network video recorder 16-channel with 4TB,nr,280000,224000.0,336000.0,0,LOW,,2026-10-01,Desk estimate (Oct 2026) - no reliable dated Nigerian source; verify with 3 supplier quotes,Abuja
M-HV-ACC,"HVAC, Lifts & ICT","Access control set (reader, maglock, exit button, controller) per door",set,350000,280000.0,420000.0,0,LOW,,2026-10-01,Desk estimate (Oct 2026) - no reliable dated Nigerian source; verify with 3 supplier quotes,Abuja
M-HV-VDP,"HVAC, Lifts & ICT",Video door phone set,set,220000,176000.0,264000.0,0,LOW,,2026-10-01,Desk estimate (Oct 2026) - no reliable dated Nigerian source; verify with 3 supplier quotes,Abuja
M-HV-FIB12,"HVAC, Lifts & ICT","Fibre optic cable 12-core single-mode, per m",m,1600,1280.0,1920.0,0.05,LOW,,2026-10-01,Desk estimate (Oct 2026) - no reliable dated Nigerian source; verify with 3 supplier quotes,Abuja
M-HV-RACK,"HVAC, Lifts & ICT",Server/network rack 42U with PDU,nr,900000,720000.0,1080000.0,0,LOW,,2026-10-01,Desk estimate (Oct 2026) - no reliable dated Nigerian source; verify with 3 supplier quotes,Abuja
M-HV-LAT,"HVAC, Lifts & ICT",Lightning air terminal with base,nr,35000,28000.0,42000.0,0,LOW,,2026-10-01,Desk estimate (Oct 2026) - no reliable dated Nigerian source; verify with 3 supplier quotes,Abuja
M-HV-TCL,"HVAC, Lifts & ICT",Test clamp (lightning down conductor),nr,9500,7600.0,11400.0,0,LOW,,2026-10-01,Desk estimate (Oct 2026) - no reliable dated Nigerian source; verify with 3 supplier quotes,Abuja
M-HV-SWH,"HVAC, Lifts & ICT",Solar water heater 200L (evacuated tube),nr,850000,680000.0,1020000.0,0,LOW,,2026-10-01,Desk estimate (Oct 2026) - no reliable dated Nigerian source; verify with 3 supplier quotes,Abuja
M-HV-LPG,"HVAC, Lifts & ICT",LPG manifold system for commercial kitchen,set,650000,520000.0,780000.0,0,LOW,,2026-10-01,Desk estimate (Oct 2026) - no reliable dated Nigerian source; verify with 3 supplier quotes,Abuja
M-AR-RAF,Architectural Finishes (Additional),"Raised access floor 600x600 with pedestals, per m2",m2,102641.0,82112.8,123169.2,0.03,LOW,,2026-10-01,Desk estimate US$55.00 FOB x 1.4 landed x NFEM rate (Oct 2026); verify,Abuja
M-AR-TERR,Architectural Finishes (Additional),"Terrazzo materials (marble chips, white cement, dividers), per m2",m2,14000,11200.0,16800.0,0.05,LOW,,2026-10-01,Desk estimate (Oct 2026) - no reliable dated Nigerian source; verify with 3 supplier quotes,Abuja
M-AR-GBLK,Architectural Finishes (Additional),Glass block 190x190x80mm,nr,6500,5200.0,7800.0,0.05,LOW,,2026-10-01,Desk estimate (Oct 2026) - no reliable dated Nigerian source; verify with 3 supplier quotes,Abuja
M-AR-HPL,Architectural Finishes (Additional),"HPL exterior cladding panel 8mm, per m2",m2,121303.0,97042.4,145563.6,0.08,LOW,,2026-10-01,Desk estimate US$65.00 FOB x 1.4 landed x NFEM rate (Oct 2026); verify,Abuja
M-AR-ACP,Architectural Finishes (Additional),"Acoustic wall panel (fabric/wood slat), per m2",m2,28000,22400.0,33600.0,0.05,LOW,,2026-10-01,Desk estimate (Oct 2026) - no reliable dated Nigerian source; verify with 3 supplier quotes,Abuja
M-AR-WALLP,Architectural Finishes (Additional),"Vinyl wallpaper, 10m roll",roll,25000,20000.0,30000.0,0.1,LOW,,2026-10-01,Desk estimate (Oct 2026) - no reliable dated Nigerian source; verify with 3 supplier quotes,Abuja
M-AR-BLND,Architectural Finishes (Additional),"Roller blind, per m2",m2,22000,17600.0,26400.0,0,LOW,,2026-10-01,Desk estimate (Oct 2026) - no reliable dated Nigerian source; verify with 3 supplier quotes,Abuja
M-AR-CTRK,Architectural Finishes (Additional),"Curtain track, per m",m,9000,7200.0,10800.0,0.03,LOW,,2026-10-01,Desk estimate (Oct 2026) - no reliable dated Nigerian source; verify with 3 supplier quotes,Abuja
M-AR-CUB,Architectural Finishes (Additional),HPL toilet cubicle partition with door & hardware,nr,650000,520000.0,780000.0,0,LOW,,2026-10-01,Desk estimate (Oct 2026) - no reliable dated Nigerian source; verify with 3 supplier quotes,Abuja
M-AR-VAN,Architectural Finishes (Additional),Vanity unit with countertop basin,nr,380000,304000.0,456000.0,0,LOW,,2026-10-01,Desk estimate (Oct 2026) - no reliable dated Nigerian source; verify with 3 supplier quotes,Abuja
M-AR-PARQ,Architectural Finishes (Additional),"Hardwood parquet blocks, per m2",m2,25000,20000.0,30000.0,0.08,LOW,,2026-10-01,Desk estimate (Oct 2026) - no reliable dated Nigerian source; verify with 3 supplier quotes,Abuja
M-AR-ENGW,Architectural Finishes (Additional),"Engineered wood flooring, per m2",m2,42000,33600.0,50400.0,0.08,LOW,,2026-10-01,Desk estimate (Oct 2026) - no reliable dated Nigerian source; verify with 3 supplier quotes,Abuja
M-AR-RUB,Architectural Finishes (Additional),"Rubber gym flooring 15mm, per m2",m2,28000,22400.0,33600.0,0.05,LOW,,2026-10-01,Desk estimate (Oct 2026) - no reliable dated Nigerian source; verify with 3 supplier quotes,Abuja
M-AR-VNL,Architectural Finishes (Additional),"Homogeneous vinyl sheet (hospital grade), per m2",m2,19000,15200.0,22800.0,0.08,LOW,,2026-10-01,Desk estimate (Oct 2026) - no reliable dated Nigerian source; verify with 3 supplier quotes,Abuja
M-AR-BAFF,Architectural Finishes (Additional),"Metal baffle ceiling system, per m2",m2,35000,28000.0,42000.0,0.05,LOW,,2026-10-01,Desk estimate (Oct 2026) - no reliable dated Nigerian source; verify with 3 supplier quotes,Abuja
M-AR-LOUV,Architectural Finishes (Additional),"Aluminium louvre system, per m2",m2,75000,60000.0,90000.0,0,LOW,,2026-10-01,Desk estimate (Oct 2026) - no reliable dated Nigerian source; verify with 3 supplier quotes,Abuja
M-AR-SKY,Architectural Finishes (Additional),"Aluminium-framed glass skylight, per m2",m2,160000,128000.0,192000.0,0,LOW,,2026-10-01,Desk estimate (Oct 2026) - no reliable dated Nigerian source; verify with 3 supplier quotes,Abuja
M-IN-PUR,Industrial Buildings,"PU sandwich roof panel 50mm, per m2",m2,32000,25600.0,38400.0,0.05,LOW,,2026-10-01,Desk estimate (Oct 2026) - no reliable dated Nigerian source; verify with 3 supplier quotes,Abuja
M-IN-PUW,Industrial Buildings,"PU sandwich wall panel 50mm, per m2",m2,29000,23200.0,34800.0,0.05,LOW,,2026-10-01,Desk estimate (Oct 2026) - no reliable dated Nigerian source; verify with 3 supplier quotes,Abuja
M-IN-RWP,Industrial Buildings,"Rockwool fire-rated sandwich panel 100mm, per m2",m2,45000,36000.0,54000.0,0.05,LOW,,2026-10-01,Desk estimate (Oct 2026) - no reliable dated Nigerian source; verify with 3 supplier quotes,Abuja
M-IN-RSH,Industrial Buildings,"Galvanised rolling shutter (manual), per m2",m2,55000,44000.0,66000.0,0,LOW,,2026-10-01,Desk estimate (Oct 2026) - no reliable dated Nigerian source; verify with 3 supplier quotes,Abuja
M-IN-RSM,Industrial Buildings,Rolling shutter motor & controls,nr,650000,520000.0,780000.0,0,LOW,,2026-10-01,Desk estimate (Oct 2026) - no reliable dated Nigerian source; verify with 3 supplier quotes,Abuja
M-IN-SECD,Industrial Buildings,"Insulated sectional overhead door 4x4m, motorised",nr,7091560.0,5673248.0,8509872.0,0,LOW,,2026-10-01,"Desk estimate US$3,800.00 FOB x 1.4 landed x NFEM rate (Oct 2026); verify",Abuja
M-IN-DOCK,Industrial Buildings,Hydraulic dock leveller,nr,10264100.0,8211280.0,12316920.0,0,LOW,,2026-10-01,"Desk estimate US$5,500.00 FOB x 1.4 landed x NFEM rate (Oct 2026); verify",Abuja
M-IN-OHC,Industrial Buildings,"Overhead travelling crane 10t, 20m span, single girder",nr,89577600.0,71662080.0,107493120.0,0,LOW,,2026-10-01,"Desk estimate US$48,000.00 FOB x 1.4 landed x NFEM rate (Oct 2026); verify",Abuja
M-IN-FH,Industrial Buildings,"Dry-shake floor hardener, per kg",kg,1200,960.0,1440.0,0.05,LOW,,2026-10-01,Desk estimate (Oct 2026) - no reliable dated Nigerian source; verify with 3 supplier quotes,Abuja
M-IN-CRP,Industrial Buildings,"Cold-room PU panel 100mm, per m2",m2,102641.0,82112.8,123169.2,0.05,LOW,,2026-10-01,Desk estimate US$55.00 FOB x 1.4 landed x NFEM rate (Oct 2026); verify,Abuja
M-TL-SHOV,Hand Tools & Small Equipment,Shovel (round mouth),nr,6500,5200.0,7800.0,0,LOW,,2026-10-01,Desk estimate (Oct 2026) - no reliable dated Nigerian source; verify with 3 supplier quotes,Abuja
M-TL-HPAN,Hand Tools & Small Equipment,Head pan,nr,3500,2800.0,4200.0,0,LOW,,2026-10-01,Desk estimate (Oct 2026) - no reliable dated Nigerian source; verify with 3 supplier quotes,Abuja
M-TL-WBAR,Hand Tools & Small Equipment,Wheelbarrow heavy duty,nr,65000,52000.0,78000.0,0,LOW,,2026-10-01,Desk estimate (Oct 2026) - no reliable dated Nigerian source; verify with 3 supplier quotes,Abuja
M-TL-PICK,Hand Tools & Small Equipment,Pickaxe with handle,nr,9500,7600.0,11400.0,0,LOW,,2026-10-01,Desk estimate (Oct 2026) - no reliable dated Nigerian source; verify with 3 supplier quotes,Abuja
M-TL-CUTL,Hand Tools & Small Equipment,Cutlass/machete,nr,4500,3600.0,5400.0,0,LOW,,2026-10-01,Desk estimate (Oct 2026) - no reliable dated Nigerian source; verify with 3 supplier quotes,Abuja
M-TL-PHD,Hand Tools & Small Equipment,Post-hole digger,nr,15000,12000.0,18000.0,0,LOW,,2026-10-01,Desk estimate (Oct 2026) - no reliable dated Nigerian source; verify with 3 supplier quotes,Abuja
M-TL-RAKE,Hand Tools & Small Equipment,Rake,nr,7500,6000.0,9000.0,0,LOW,,2026-10-01,Desk estimate (Oct 2026) - no reliable dated Nigerian source; verify with 3 supplier quotes,Abuja
M-TL-TROW,Hand Tools & Small Equipment,Brick trowel,nr,3500,2800.0,4200.0,0,LOW,,2026-10-01,Desk estimate (Oct 2026) - no reliable dated Nigerian source; verify with 3 supplier quotes,Abuja
M-TL-FLOAT,Hand Tools & Small Equipment,Wooden float,nr,4000,3200.0,4800.0,0,LOW,,2026-10-01,Desk estimate (Oct 2026) - no reliable dated Nigerian source; verify with 3 supplier quotes,Abuja
M-TL-SLVL,Hand Tools & Small Equipment,Spirit level 1.2m,nr,18000,14400.0,21600.0,0,LOW,,2026-10-01,Desk estimate (Oct 2026) - no reliable dated Nigerian source; verify with 3 supplier quotes,Abuja
M-TL-TP50,Hand Tools & Small Equipment,Measuring tape 50m,nr,15000,12000.0,18000.0,0,LOW,,2026-10-01,Desk estimate (Oct 2026) - no reliable dated Nigerian source; verify with 3 supplier quotes,Abuja
M-TL-TP5,Hand Tools & Small Equipment,Measuring tape 5m,nr,3500,2800.0,4200.0,0,LOW,,2026-10-01,Desk estimate (Oct 2026) - no reliable dated Nigerian source; verify with 3 supplier quotes,Abuja
M-TL-PLMB,Hand Tools & Small Equipment,Plumb bob,nr,4500,3600.0,5400.0,0,LOW,,2026-10-01,Desk estimate (Oct 2026) - no reliable dated Nigerian source; verify with 3 supplier quotes,Abuja
M-TL-MLINE,Hand Tools & Small Equipment,Mason line 100m,nr,2000,1600.0,2400.0,0,LOW,,2026-10-01,Desk estimate (Oct 2026) - no reliable dated Nigerian source; verify with 3 supplier quotes,Abuja
M-TL-CLAW,Hand Tools & Small Equipment,Claw hammer,nr,6500,5200.0,7800.0,0,LOW,,2026-10-01,Desk estimate (Oct 2026) - no reliable dated Nigerian source; verify with 3 supplier quotes,Abuja
M-TL-SLDG,Hand Tools & Small Equipment,Sledge hammer 5kg,nr,18000,14400.0,21600.0,0,LOW,,2026-10-01,Desk estimate (Oct 2026) - no reliable dated Nigerian source; verify with 3 supplier quotes,Abuja
M-TL-CROW,Hand Tools & Small Equipment,Crowbar 1.5m,nr,15000,12000.0,18000.0,0,LOW,,2026-10-01,Desk estimate (Oct 2026) - no reliable dated Nigerian source; verify with 3 supplier quotes,Abuja
M-TL-HSAW,Hand Tools & Small Equipment,Hacksaw,nr,6500,5200.0,7800.0,0,LOW,,2026-10-01,Desk estimate (Oct 2026) - no reliable dated Nigerian source; verify with 3 supplier quotes,Abuja
M-TL-WSAW,Hand Tools & Small Equipment,Wood saw,nr,7500,6000.0,9000.0,0,LOW,,2026-10-01,Desk estimate (Oct 2026) - no reliable dated Nigerian source; verify with 3 supplier quotes,Abuja
M-TL-RBND,Hand Tools & Small Equipment,Manual rebar bender,nr,25000,20000.0,30000.0,0,LOW,,2026-10-01,Desk estimate (Oct 2026) - no reliable dated Nigerian source; verify with 3 supplier quotes,Abuja
M-TL-BOLT,Hand Tools & Small Equipment,"Bolt cutter 36""",nr,28000,22400.0,33600.0,0,LOW,,2026-10-01,Desk estimate (Oct 2026) - no reliable dated Nigerian source; verify with 3 supplier quotes,Abuja
M-TL-CHIS,Hand Tools & Small Equipment,Chisel set,nr,12000,9600.0,14400.0,0,LOW,,2026-10-01,Desk estimate (Oct 2026) - no reliable dated Nigerian source; verify with 3 supplier quotes,Abuja
M-TL-SPAN,Hand Tools & Small Equipment,Spanner set,nr,35000,28000.0,42000.0,0,LOW,,2026-10-01,Desk estimate (Oct 2026) - no reliable dated Nigerian source; verify with 3 supplier quotes,Abuja
M-TL-PWR,Hand Tools & Small Equipment,"Pipe wrench 18""",nr,18000,14400.0,21600.0,0,LOW,,2026-10-01,Desk estimate (Oct 2026) - no reliable dated Nigerian source; verify with 3 supplier quotes,Abuja
M-TL-THRD,Hand Tools & Small Equipment,Manual pipe threader set,nr,85000,68000.0,102000.0,0,LOW,,2026-10-01,Desk estimate (Oct 2026) - no reliable dated Nigerian source; verify with 3 supplier quotes,Abuja
M-TL-PPRW,Hand Tools & Small Equipment,PPR pipe welding machine,nr,45000,36000.0,54000.0,0,LOW,,2026-10-01,Desk estimate (Oct 2026) - no reliable dated Nigerian source; verify with 3 supplier quotes,Abuja
M-TL-DRIL,Hand Tools & Small Equipment,Electric drill,nr,55000,44000.0,66000.0,0,LOW,,2026-10-01,Desk estimate (Oct 2026) - no reliable dated Nigerian source; verify with 3 supplier quotes,Abuja
M-TL-SDS,Hand Tools & Small Equipment,Rotary hammer drill SDS,nr,120000,96000.0,144000.0,0,LOW,,2026-10-01,Desk estimate (Oct 2026) - no reliable dated Nigerian source; verify with 3 supplier quotes,Abuja
M-TL-AG9,Hand Tools & Small Equipment,"Angle grinder 9""",nr,85000,68000.0,102000.0,0,LOW,,2026-10-01,Desk estimate (Oct 2026) - no reliable dated Nigerian source; verify with 3 supplier quotes,Abuja
M-TL-AG45,Hand Tools & Small Equipment,"Angle grinder 4.5""",nr,38000,30400.0,45600.0,0,LOW,,2026-10-01,Desk estimate (Oct 2026) - no reliable dated Nigerian source; verify with 3 supplier quotes,Abuja
M-TL-CSAW,Hand Tools & Small Equipment,Circular saw,nr,95000,76000.0,114000.0,0,LOW,,2026-10-01,Desk estimate (Oct 2026) - no reliable dated Nigerian source; verify with 3 supplier quotes,Abuja
M-TL-JSAW,Hand Tools & Small Equipment,Jigsaw,nr,65000,52000.0,78000.0,0,LOW,,2026-10-01,Desk estimate (Oct 2026) - no reliable dated Nigerian source; verify with 3 supplier quotes,Abuja
M-TL-TCM,Hand Tools & Small Equipment,Manual tile cutter,nr,60000,48000.0,72000.0,0,LOW,,2026-10-01,Desk estimate (Oct 2026) - no reliable dated Nigerian source; verify with 3 supplier quotes,Abuja
M-TL-TCW,Hand Tools & Small Equipment,Wet tile saw,nr,180000,144000.0,216000.0,0,LOW,,2026-10-01,Desk estimate (Oct 2026) - no reliable dated Nigerian source; verify with 3 supplier quotes,Abuja
M-TL-PVIB,Hand Tools & Small Equipment,"Poker vibrator (petrol), purchase",nr,380000,304000.0,456000.0,0,LOW,,2026-10-01,Desk estimate (Oct 2026) - no reliable dated Nigerian source; verify with 3 supplier quotes,Abuja
M-TL-WELD,Hand Tools & Small Equipment,Inverter welding machine 200A,nr,180000,144000.0,216000.0,0,LOW,,2026-10-01,Desk estimate (Oct 2026) - no reliable dated Nigerian source; verify with 3 supplier quotes,Abuja
M-TL-OXY,Hand Tools & Small Equipment,Oxy-acetylene cutting set with regulators,nr,120000,96000.0,144000.0,0,LOW,,2026-10-01,Desk estimate (Oct 2026) - no reliable dated Nigerian source; verify with 3 supplier quotes,Abuja
M-TL-O2R,Hand Tools & Small Equipment,Oxygen cylinder refill,nr,18000,14400.0,21600.0,0,LOW,,2026-10-01,Desk estimate (Oct 2026) - no reliable dated Nigerian source; verify with 3 supplier quotes,Abuja
M-TL-C2R,Hand Tools & Small Equipment,Acetylene cylinder refill,nr,45000,36000.0,54000.0,0,LOW,,2026-10-01,Desk estimate (Oct 2026) - no reliable dated Nigerian source; verify with 3 supplier quotes,Abuja
M-TL-ARR,Hand Tools & Small Equipment,Argon cylinder refill,nr,45000,36000.0,54000.0,0,LOW,,2026-10-01,Desk estimate (Oct 2026) - no reliable dated Nigerian source; verify with 3 supplier quotes,Abuja
M-TL-GEN25,Hand Tools & Small Equipment,"Petrol generator 2.5kVA, purchase",nr,280000,224000.0,336000.0,0,LOW,,2026-10-01,Desk estimate (Oct 2026) - no reliable dated Nigerian source; verify with 3 supplier quotes,Abuja
M-TL-EXT50,Hand Tools & Small Equipment,Extension reel 50m,nr,35000,28000.0,42000.0,0,LOW,,2026-10-01,Desk estimate (Oct 2026) - no reliable dated Nigerian source; verify with 3 supplier quotes,Abuja
M-TL-RLAS,Hand Tools & Small Equipment,Rotary laser level with tripod,nr,650000,520000.0,780000.0,0,LOW,,2026-10-01,Desk estimate (Oct 2026) - no reliable dated Nigerian source; verify with 3 supplier quotes,Abuja
M-TL-DUMPY,Hand Tools & Small Equipment,Dumpy level with tripod & staff,nr,450000,360000.0,540000.0,0,LOW,,2026-10-01,Desk estimate (Oct 2026) - no reliable dated Nigerian source; verify with 3 supplier quotes,Abuja
M-TL-PUMP2,Hand Tools & Small Equipment,"2"" water pump (petrol), purchase",nr,180000,144000.0,216000.0,0,LOW,,2026-10-01,Desk estimate (Oct 2026) - no reliable dated Nigerian source; verify with 3 supplier quotes,Abuja
M-TL-LADR,Hand Tools & Small Equipment,Aluminium ladder 6m,nr,150000,120000.0,180000.0,0,LOW,,2026-10-01,Desk estimate (Oct 2026) - no reliable dated Nigerian source; verify with 3 supplier quotes,Abuja
M-TL-SCT,Hand Tools & Small Equipment,"Scaffold tube 6m, purchase",nr,38000,30400.0,45600.0,0,LOW,,2026-10-01,Desk estimate (Oct 2026) - no reliable dated Nigerian source; verify with 3 supplier quotes,Abuja
M-TL-SCC,Hand Tools & Small Equipment,Scaffold coupler,nr,2500,2000.0,3000.0,0,LOW,,2026-10-01,Desk estimate (Oct 2026) - no reliable dated Nigerian source; verify with 3 supplier quotes,Abuja
M-TL-SCB,Hand Tools & Small Equipment,Scaffold board 3.9m,nr,15000,12000.0,18000.0,0,LOW,,2026-10-01,Desk estimate (Oct 2026) - no reliable dated Nigerian source; verify with 3 supplier quotes,Abuja
M-TL-MIXP,Hand Tools & Small Equipment,"Concrete mixer 1-bag, purchase",nr,1800000,1440000.0,2160000.0,0,LOW,,2026-10-01,Desk estimate (Oct 2026) - no reliable dated Nigerian source; verify with 3 supplier quotes,Abuja
M-TL-PLTP,Hand Tools & Small Equipment,"Plate compactor, purchase",nr,950000,760000.0,1140000.0,0,LOW,,2026-10-01,Desk estimate (Oct 2026) - no reliable dated Nigerian source; verify with 3 supplier quotes,Abuja
M-SF-FAK,Safety & PPE (Additional),"First aid kit (site, 20-person)",nr,35000,28000.0,42000.0,0,LOW,,2026-10-01,Desk estimate (Oct 2026) - no reliable dated Nigerian source; verify with 3 supplier quotes,Abuja
M-SF-BTAPE,Safety & PPE (Additional),Barricade tape roll,nr,3500,2800.0,4200.0,0,LOW,,2026-10-01,Desk estimate (Oct 2026) - no reliable dated Nigerian source; verify with 3 supplier quotes,Abuja
M-SF-CONE,Safety & PPE (Additional),Traffic cone 750mm,nr,12000,9600.0,14400.0,0,LOW,,2026-10-01,Desk estimate (Oct 2026) - no reliable dated Nigerian source; verify with 3 supplier quotes,Abuja
M-SF-SIGN,Safety & PPE (Additional),Safety sign (aluminium),nr,9000,7200.0,10800.0,0,LOW,,2026-10-01,Desk estimate (Oct 2026) - no reliable dated Nigerian source; verify with 3 supplier quotes,Abuja
M-SF-TORCH,Safety & PPE (Additional),Head torch,nr,6500,5200.0,7800.0,0,LOW,,2026-10-01,Desk estimate (Oct 2026) - no reliable dated Nigerian source; verify with 3 supplier quotes,Abuja
M-SF-RAIN,Safety & PPE (Additional),Rain coat,nr,8000,6400.0,9600.0,0,LOW,,2026-10-01,Desk estimate (Oct 2026) - no reliable dated Nigerian source; verify with 3 supplier quotes,Abuja
M-SF-GLOV,Safety & PPE (Additional),"Work gloves, pair",nr,2500,2000.0,3000.0,0,LOW,,2026-10-01,Desk estimate (Oct 2026) - no reliable dated Nigerian source; verify with 3 supplier quotes,Abuja
M-SF-GOGG,Safety & PPE (Additional),Safety goggles,nr,3500,2800.0,4200.0,0,LOW,,2026-10-01,Desk estimate (Oct 2026) - no reliable dated Nigerian source; verify with 3 supplier quotes,Abuja
M-SF-EARM,Safety & PPE (Additional),Ear muffs,nr,9000,7200.0,10800.0,0,LOW,,2026-10-01,Desk estimate (Oct 2026) - no reliable dated Nigerian source; verify with 3 supplier quotes,Abuja
M-SF-DUST,Safety & PPE (Additional),"Dust masks, box of 20",nr,6500,5200.0,7800.0,0,LOW,,2026-10-01,Desk estimate (Oct 2026) - no reliable dated Nigerian source; verify with 3 supplier quotes,Abuja
M-SF-WHLM,Safety & PPE (Additional),Welding helmet,nr,15000,12000.0,18000.0,0,LOW,,2026-10-01,Desk estimate (Oct 2026) - no reliable dated Nigerian source; verify with 3 supplier quotes,Abuja
M-SF-LIFEJ,Safety & PPE (Additional),Life jacket,nr,25000,20000.0,30000.0,0,LOW,,2026-10-01,Desk estimate (Oct 2026) - no reliable dated Nigerian source; verify with 3 supplier quotes,Abuja
M-SF-FRC,Safety & PPE (Additional),Fire-retardant coverall (oil & gas),nr,35000,28000.0,42000.0,0,LOW,,2026-10-01,Desk estimate (Oct 2026) - no reliable dated Nigerian source; verify with 3 supplier quotes,Abuja
M-TS-CUBE,"Testing, Surveys & Investigations","Concrete cube crushing test, set of 3",set,15000,12000.0,18000.0,0,LOW,,2026-10-01,Desk estimate (Oct 2026) - no reliable dated Nigerian source; verify with 3 supplier quotes,Abuja
M-TS-CORE,"Testing, Surveys & Investigations",Concrete core test (drill & crush),nr,45000,36000.0,54000.0,0,LOW,,2026-10-01,Desk estimate (Oct 2026) - no reliable dated Nigerian source; verify with 3 supplier quotes,Abuja
M-TS-REB,"Testing, Surveys & Investigations","Rebar tensile & bend test, per sample",nr,25000,20000.0,30000.0,0,LOW,,2026-10-01,Desk estimate (Oct 2026) - no reliable dated Nigerian source; verify with 3 supplier quotes,Abuja
M-TS-BLK,"Testing, Surveys & Investigations","Block compressive strength test, set of 3",set,18000,14400.0,21600.0,0,LOW,,2026-10-01,Desk estimate (Oct 2026) - no reliable dated Nigerian source; verify with 3 supplier quotes,Abuja
M-TS-BH,"Testing, Surveys & Investigations","Geotechnical borehole with SPT, per m",m,35000,28000.0,42000.0,0,LOW,,2026-10-01,Desk estimate (Oct 2026) - no reliable dated Nigerian source; verify with 3 supplier quotes,Abuja
M-TS-CPT,"Testing, Surveys & Investigations","Cone penetration test (CPT), per m",m,18000,14400.0,21600.0,0,LOW,,2026-10-01,Desk estimate (Oct 2026) - no reliable dated Nigerian source; verify with 3 supplier quotes,Abuja
M-TS-CLS,"Testing, Surveys & Investigations","Soil classification tests, per sample",nr,45000,36000.0,54000.0,0,LOW,,2026-10-01,Desk estimate (Oct 2026) - no reliable dated Nigerian source; verify with 3 supplier quotes,Abuja
M-TS-CBR,"Testing, Surveys & Investigations","CBR test, per sample",nr,30000,24000.0,36000.0,0,LOW,,2026-10-01,Desk estimate (Oct 2026) - no reliable dated Nigerian source; verify with 3 supplier quotes,Abuja
M-TS-PRO,"Testing, Surveys & Investigations",Proctor compaction test,nr,25000,20000.0,30000.0,0,LOW,,2026-10-01,Desk estimate (Oct 2026) - no reliable dated Nigerian source; verify with 3 supplier quotes,Abuja
M-TS-FDT,"Testing, Surveys & Investigations",Field density test (sand replacement),nr,15000,12000.0,18000.0,0,LOW,,2026-10-01,Desk estimate (Oct 2026) - no reliable dated Nigerian source; verify with 3 supplier quotes,Abuja
M-TS-PIT,"Testing, Surveys & Investigations","Pile integrity test (low-strain), per pile",nr,30000,24000.0,36000.0,0,LOW,,2026-10-01,Desk estimate (Oct 2026) - no reliable dated Nigerian source; verify with 3 supplier quotes,Abuja
M-TS-PDA,"Testing, Surveys & Investigations","High-strain dynamic pile test (PDA), per pile",nr,650000,520000.0,780000.0,0,LOW,,2026-10-01,Desk estimate (Oct 2026) - no reliable dated Nigerian source; verify with 3 supplier quotes,Abuja
M-TS-SPLT,"Testing, Surveys & Investigations",Static pile load test up to 300t,nr,8500000,6800000.0,10200000.0,0,LOW,,2026-10-01,Desk estimate (Oct 2026) - no reliable dated Nigerian source; verify with 3 supplier quotes,Abuja
M-TS-PLT,"Testing, Surveys & Investigations",Plate load test,nr,450000,360000.0,540000.0,0,LOW,,2026-10-01,Desk estimate (Oct 2026) - no reliable dated Nigerian source; verify with 3 supplier quotes,Abuja
M-TS-ASP,"Testing, Surveys & Investigations",Asphalt core & extraction test,nr,40000,32000.0,48000.0,0,LOW,,2026-10-01,Desk estimate (Oct 2026) - no reliable dated Nigerian source; verify with 3 supplier quotes,Abuja
M-TS-WQ,"Testing, Surveys & Investigations",Water quality analysis (full),nr,85000,68000.0,102000.0,0,LOW,,2026-10-01,Desk estimate (Oct 2026) - no reliable dated Nigerian source; verify with 3 supplier quotes,Abuja
M-TS-RT,"Testing, Surveys & Investigations","Radiographic weld test, per joint (incl. film)",nr,35000,28000.0,42000.0,0,LOW,,2026-10-01,Desk estimate (Oct 2026) - no reliable dated Nigerian source; verify with 3 supplier quotes,Abuja
M-TS-UT,"Testing, Surveys & Investigations","Ultrasonic weld test, per joint",nr,20000,16000.0,24000.0,0,LOW,,2026-10-01,Desk estimate (Oct 2026) - no reliable dated Nigerian source; verify with 3 supplier quotes,Abuja
M-TS-TOPO,"Testing, Surveys & Investigations","Topographic survey (service), per hectare",ha,120000,96000.0,144000.0,0,LOW,,2026-10-01,Desk estimate (Oct 2026) - no reliable dated Nigerian source; verify with 3 supplier quotes,Abuja
M-TS-BATH,"Testing, Surveys & Investigations","Bathymetric survey (service), per km of line",km,450000,360000.0,540000.0,0,LOW,,2026-10-01,Desk estimate (Oct 2026) - no reliable dated Nigerian source; verify with 3 supplier quotes,Abuja
M-EQ-EX17U,Equipment for Sale: Earthmoving,"Mini excavator 1.5-2t (Kubota/Yanmar), foreign used",nr,30000000,25000000,40000000,0,MEDIUM,2026-10-01,2026-10-01,"Jiji.ng mini excavator listings checked 1 Oct 2026: Kubota U17 N30m, Yanmar B37 N45-65m, CAT 306D N65-95m, Kobelco SK75 N49m",Abuja
M-EQ-EX35U,Equipment for Sale: Earthmoving,"Mini excavator 3-4t (Yanmar B37/Kubota), foreign used",nr,50000000,45000000,65000000,0,MEDIUM,2026-10-01,2026-10-01,"Jiji.ng mini excavator listings checked 1 Oct 2026: Kubota U17 N30m, Yanmar B37 N45-65m, CAT 306D N65-95m, Kobelco SK75 N49m",Abuja
M-EQ-EX35N,Equipment for Sale: Earthmoving,"Mini excavator 3-4t (Yanmar/Kubota), new",nr,60000000,55000000,75000000,0,MEDIUM,2026-10-01,2026-10-01,"Jiji.ng mini excavator listings checked 1 Oct 2026: Kubota U17 N30m, Yanmar B37 N45-65m, CAT 306D N65-95m, Kobelco SK75 N49m",Abuja
M-EQ-EX55N,Equipment for Sale: Earthmoving,"Excavator 5-6t (Komatsu PC56), new",nr,65000000,60000000,75000000,0,MEDIUM,2026-10-01,2026-10-01,"Jiji.ng mini excavator listings checked 1 Oct 2026: Kubota U17 N30m, Yanmar B37 N45-65m, CAT 306D N65-95m, Kobelco SK75 N49m",Abuja
M-EQ-EX55U,Equipment for Sale: Earthmoving,"Excavator 5-6t (CAT 306D/Komatsu PC56-58), foreign used",nr,70000000,45000000,95000000,0,MEDIUM,2026-10-01,2026-10-01,"Jiji.ng mini excavator listings checked 1 Oct 2026: Kubota U17 N30m, Yanmar B37 N45-65m, CAT 306D N65-95m, Kobelco SK75 N49m",Abuja
M-EQ-EX75U,Equipment for Sale: Earthmoving,"Excavator 7.5-8t (Kobelco SK75/Sumitomo SH75), foreign used",nr,50000000,45000000,65000000,0,MEDIUM,2026-10-01,2026-10-01,"Jiji.ng mini excavator listings checked 1 Oct 2026: Kubota U17 N30m, Yanmar B37 N45-65m, CAT 306D N65-95m, Kobelco SK75 N49m",Abuja
M-EQ-EX75N,Equipment for Sale: Earthmoving,"Excavator 7.5-9t, new Chinese (SANY SY75/XCMG XE80)",nr,83979000.0,67183200.0,100774800.0,0,LOW,,2026-10-01,"Desk estimate US$45,000 FOB China/EU x 1.4 landed x NFEM rate (Oct 2026); verify with dealer quotes",Abuja
M-EQ-EX21C,Equipment for Sale: Earthmoving,"Excavator 20-22t, new Chinese (SANY SY215/XCMG XE215/LiuGong 922)",nr,177289000.0,141831200.0,212746800.0,0,LOW,,2026-10-01,"Desk estimate US$95,000 FOB China/EU x 1.4 landed x NFEM rate (Oct 2026); verify with dealer quotes",Abuja
M-EQ-EX21P,Equipment for Sale: Earthmoving,"Excavator 20-22t, new CAT 320GC/Komatsu PC210",nr,320000000,280000000,380000000,0,LOW,,2026-10-01,"Jiji.ng excavator listings checked 1 Oct 2026: tokunbo CAT 320D N170m, 320CL N95.5m, 330D N185m, new CAT 330GC N395m, Komatsu PC56 new N60-65m (320GC new scaled from 330GC)",Abuja
M-EQ-EX21U,Equipment for Sale: Earthmoving,"Excavator 20-22t (CAT 320D/320GC), foreign used",nr,170000000,140000000,200000000,0,MEDIUM,2026-10-01,2026-10-01,"Jiji.ng excavator listings checked 1 Oct 2026: tokunbo CAT 320D N170m, 320CL N95.5m, 330D N185m, new CAT 330GC N395m, Komatsu PC56 new N60-65m",Abuja
M-EQ-EX21O,Equipment for Sale: Earthmoving,"Excavator 20-22t older model (CAT 320C/320CL/322CL), foreign used",nr,100000000,75000000,140000000,0,MEDIUM,2026-10-01,2026-10-01,"Jiji.ng excavator listings checked 1 Oct 2026: tokunbo CAT 320D N170m, 320CL N95.5m, 330D N185m, new CAT 330GC N395m, Komatsu PC56 new N60-65m",Abuja
M-EQ-EX30U,Equipment for Sale: Earthmoving,"Excavator 30t (CAT 330D/330BL/330CL), foreign used",nr,160000000,135000000,190000000,0,MEDIUM,2026-10-01,2026-10-01,"Jiji.ng excavator listings checked 1 Oct 2026: tokunbo CAT 320D N170m, 320CL N95.5m, 330D N185m, new CAT 330GC N395m, Komatsu PC56 new N60-65m",Abuja
M-EQ-EX30P,Equipment for Sale: Earthmoving,"Excavator 30t, new CAT 330GC",nr,395000000,360000000,430000000,0,MEDIUM,2026-10-01,2026-10-01,"Jiji.ng excavator listings checked 1 Oct 2026: tokunbo CAT 320D N170m, 320CL N95.5m, 330D N185m, new CAT 330GC N395m, Komatsu PC56 new N60-65m",Abuja
M-EQ-EX36C,Equipment for Sale: Earthmoving,"Excavator 36-40t, new Chinese (SANY SY365/XCMG XE370)",nr,354578000.0,283662400.0,425493600.0,0,LOW,,2026-10-01,"Desk estimate US$190,000 FOB China/EU x 1.4 landed x NFEM rate (Oct 2026); verify with dealer quotes",Abuja
M-EQ-EXLR,Equipment for Sale: Earthmoving,"Long-reach excavator 20-22t (16-18m boom), foreign used",nr,210000000,168000000.0,252000000.0,0,LOW,,2026-10-01,Desk estimate (Oct 2026); verify with 3 dealer quotes,Abuja
M-EQ-EXAMP,Equipment for Sale: Earthmoving,"Amphibious (pontoon) excavator 20t, new Chinese",nr,307923000.0,246338400.0,369507600.0,0,LOW,,2026-10-01,"Desk estimate US$165,000 FOB China/EU x 1.4 landed x NFEM rate (Oct 2026); verify with dealer quotes",Abuja
M-EQ-EXWH,Equipment for Sale: Earthmoving,"Wheeled excavator 14-16t, foreign used",nr,110000000,88000000.0,132000000.0,0,LOW,,2026-10-01,Desk estimate (Oct 2026); verify with 3 dealer quotes,Abuja
M-EQ-HBRK,Equipment for Sale: Earthmoving,"Hydraulic breaker for 20t excavator (1.5t class), new",nr,16795800.0,13436640.0,20154960.0,0,LOW,,2026-10-01,"Desk estimate US$9,000 FOB China/EU x 1.4 landed x NFEM rate (Oct 2026); verify with dealer quotes",Abuja
M-EQ-BKT1,Equipment for Sale: Earthmoving,"Excavator bucket 1.0-1.2m3 for 20-22t machine, used",nr,8000000,6400000.0,9600000.0,0,LOW,,2026-10-01,Jiji.ng excavator listings checked 1 Oct 2026: CAT bucket N12m,Abuja
M-EQ-VRIP,Equipment for Sale: Earthmoving,"Ripper tooth / vibro-ripper for 20-30t excavator, new",nr,11197200.0,8957760.0,13436640.0,0,LOW,,2026-10-01,"Desk estimate US$6,000 FOB China/EU x 1.4 landed x NFEM rate (Oct 2026); verify with dealer quotes",Abuja
M-EQ-SSLU,Equipment for Sale: Earthmoving,"Skid-steer loader (Bobcat S-series), foreign used",nr,60000000,45000000,75000000,0,MEDIUM,2026-10-01,2026-10-01,"Jiji.ng wheel loader listings checked 1 Oct 2026: new LiuGong 816H N36m, 835H N56m, new 5t SDLG/Lonking N80-120m, tokunbo CAT 950 N55-65m, CAT 966 N110-155m",Abuja
M-EQ-SSLN,Equipment for Sale: Earthmoving,"Skid-steer loader (Bobcat S650 class), new",nr,135000000,110000000,150000000,0,LOW,,2026-10-01,"Jiji.ng wheel loader listings checked 1 Oct 2026: new LiuGong 816H N36m, 835H N56m, new 5t SDLG/Lonking N80-120m, tokunbo CAT 950 N55-65m, CAT 966 N110-155m",Abuja
M-EQ-BHLC,Equipment for Sale: Earthmoving,"Backhoe loader, new Chinese (XCMG/6-in-1 types)",nr,95000000,85000000,140000000,0,MEDIUM,2026-10-01,2026-10-01,"Jiji.ng backhoe loader listings checked 1 Oct 2026: new Chinese/6-in-1 N85-148m, tokunbo CAT 424B/JCB N75-95m, Nigerian used N25-30m",Abuja
M-EQ-BHLP,Equipment for Sale: Earthmoving,"Backhoe loader, new premium (JCB 3CX/CAT 426/Bobcat B730)",nr,150000000,130000000,175000000,0,LOW,,2026-10-01,"Jiji.ng backhoe loader listings checked 1 Oct 2026: new Chinese/6-in-1 N85-148m, tokunbo CAT 424B/JCB N75-95m, Nigerian used N25-30m",Abuja
M-EQ-BHLU,Equipment for Sale: Earthmoving,"Backhoe loader (CAT 424B/426B, JCB 3CX), foreign used",nr,85000000,75000000,95000000,0,MEDIUM,2026-10-01,2026-10-01,"Jiji.ng backhoe loader listings checked 1 Oct 2026: new Chinese/6-in-1 N85-148m, tokunbo CAT 424B/JCB N75-95m, Nigerian used N25-30m",Abuja
M-EQ-BHLL,Equipment for Sale: Earthmoving,"Backhoe loader (JCB/CAT), Nigerian used",nr,28000000,25000000,35000000,0,MEDIUM,2026-10-01,2026-10-01,"Jiji.ng backhoe loader listings checked 1 Oct 2026: new Chinese/6-in-1 N85-148m, tokunbo CAT 424B/JCB N75-95m, Nigerian used N25-30m",Abuja
M-EQ-WL16,Equipment for Sale: Earthmoving,"Wheel loader 1.6t (LiuGong 816H), new",nr,36000000,30000000,42000000,0,MEDIUM,2026-10-01,2026-10-01,"Jiji.ng wheel loader listings checked 1 Oct 2026: new LiuGong 816H N36m, 835H N56m, new 5t SDLG/Lonking N80-120m, tokunbo CAT 950 N55-65m, CAT 966 N110-155m",Abuja
M-EQ-WL30,Equipment for Sale: Earthmoving,"Wheel loader 3t (LiuGong 835H), new",nr,56000000,50000000,65000000,0,MEDIUM,2026-10-01,2026-10-01,"Jiji.ng wheel loader listings checked 1 Oct 2026: new LiuGong 816H N36m, 835H N56m, new 5t SDLG/Lonking N80-120m, tokunbo CAT 950 N55-65m, CAT 966 N110-155m",Abuja
M-EQ-WL50,Equipment for Sale: Earthmoving,"Wheel loader 5t, new Chinese (LiuGong 855/SDLG/Lonking LG855)",nr,110000000,92000000,120000000,0,MEDIUM,2026-10-01,2026-10-01,"Jiji.ng wheel loader listings checked 1 Oct 2026: new LiuGong 816H N36m, 835H N56m, new 5t SDLG/Lonking N80-120m, tokunbo CAT 950 N55-65m, CAT 966 N110-155m",Abuja
M-EQ-WL50U,Equipment for Sale: Earthmoving,"Wheel loader 5t Chinese (LiuGong/SDLG), foreign used",nr,45000000,38000000,55000000,0,MEDIUM,2026-10-01,2026-10-01,"Jiji.ng wheel loader listings checked 1 Oct 2026: new LiuGong 816H N36m, 835H N56m, new 5t SDLG/Lonking N80-120m, tokunbo CAT 950 N55-65m, CAT 966 N110-155m",Abuja
M-EQ-WL950,Equipment for Sale: Earthmoving,"Payloader CAT 950 series, foreign used",nr,55000000,45000000,65000000,0,MEDIUM,2026-10-01,2026-10-01,"Jiji.ng wheel loader listings checked 1 Oct 2026: new LiuGong 816H N36m, 835H N56m, new 5t SDLG/Lonking N80-120m, tokunbo CAT 950 N55-65m, CAT 966 N110-155m",Abuja
M-EQ-WL966,Equipment for Sale: Earthmoving,"Payloader CAT 966 series, foreign used",nr,130000000,110000000,155000000,0,MEDIUM,2026-10-01,2026-10-01,"Jiji.ng wheel loader listings checked 1 Oct 2026: new LiuGong 816H N36m, 835H N56m, new 5t SDLG/Lonking N80-120m, tokunbo CAT 950 N55-65m, CAT 966 N110-155m",Abuja
M-EQ-WLNU,Equipment for Sale: Earthmoving,"Payloader (CAT 950/SDLG), Nigerian used",nr,30000000,20000000,75000000,0,MEDIUM,2026-10-01,2026-10-01,"Jiji.ng wheel loader listings checked 1 Oct 2026: new LiuGong 816H N36m, 835H N56m, new 5t SDLG/Lonking N80-120m, tokunbo CAT 950 N55-65m, CAT 966 N110-155m",Abuja
M-EQ-DZ6U,Equipment for Sale: Earthmoving,"Bulldozer D6 class (CAT D6H/D6R), foreign used",nr,200000000,145000000,250000000,0,MEDIUM,2026-10-01,2026-10-01,"Jiji.ng bulldozer listings checked 1 Oct 2026: tokunbo D6H/D6R N145-250m, D7G N160-180m, D8H/D8K N100-150m, new Zoomlion ZD260G N260m, ZD340G N358m",Abuja
M-EQ-DZ7G,Equipment for Sale: Earthmoving,"Bulldozer D7 class (CAT D7G), foreign used",nr,170000000,150000000,190000000,0,MEDIUM,2026-10-01,2026-10-01,"Jiji.ng bulldozer listings checked 1 Oct 2026: tokunbo D6H/D6R N145-250m, D7G N160-180m, D8H/D8K N100-150m, new Zoomlion ZD260G N260m, ZD340G N358m",Abuja
M-EQ-DZ7R,Equipment for Sale: Earthmoving,"Bulldozer CAT D7R, foreign used",nr,340000000,300000000,360000000,0,LOW,,2026-10-01,"Jiji.ng bulldozer listings checked 1 Oct 2026: tokunbo D6H/D6R N145-250m, D7G N160-180m, D8H/D8K N100-150m, new Zoomlion ZD260G N260m, ZD340G N358m",Abuja
M-EQ-DZ8U,Equipment for Sale: Earthmoving,"Bulldozer D8 class older (CAT D8H/D8K), foreign used",nr,125000000,100000000,150000000,0,MEDIUM,2026-10-01,2026-10-01,"Jiji.ng bulldozer listings checked 1 Oct 2026: tokunbo D6H/D6R N145-250m, D7G N160-180m, D8H/D8K N100-150m, new Zoomlion ZD260G N260m, ZD340G N358m",Abuja
M-EQ-DZ26N,Equipment for Sale: Earthmoving,"Bulldozer 220-260hp, new Chinese (Shantui SD22/Zoomlion ZD260G)",nr,230000000,200000000,260000000,0,MEDIUM,2026-10-01,2026-10-01,"Jiji.ng bulldozer listings checked 1 Oct 2026: tokunbo D6H/D6R N145-250m, D7G N160-180m, D8H/D8K N100-150m, new Zoomlion ZD260G N260m, ZD340G N358m",Abuja
M-EQ-DZ34N,Equipment for Sale: Earthmoving,"Bulldozer 320-340hp, new Chinese (Shantui SD32/Zoomlion ZD340G)",nr,350000000,300000000,380000000,0,MEDIUM,2026-10-01,2026-10-01,"Jiji.ng bulldozer listings checked 1 Oct 2026: tokunbo D6H/D6R N145-250m, D7G N160-180m, D8H/D8K N100-150m, new Zoomlion ZD260G N260m, ZD340G N358m",Abuja
M-EQ-DZ16N,Equipment for Sale: Earthmoving,"Bulldozer 160hp, new Chinese (Shantui SD16)",nr,145563600.0,116450880.0,174676320.0,0,LOW,,2026-10-01,"Desk estimate US$78,000 FOB China/EU x 1.4 landed x NFEM rate (Oct 2026); verify with dealer quotes",Abuja
M-EQ-DZLGP,Equipment for Sale: Earthmoving,"Swamp (LGP) bulldozer D6 class, foreign used",nr,220000000,176000000.0,264000000.0,0,LOW,,2026-10-01,Desk estimate (Oct 2026); verify with 3 dealer quotes,Abuja
M-EQ-ADT30,Equipment for Sale: Earthmoving,"Articulated dump truck 25-30t (CAT 730/Volvo A30), foreign used",nr,220000000,176000000.0,264000000.0,0,LOW,,2026-10-01,Desk estimate (Oct 2026); verify with 3 dealer quotes,Abuja
M-EQ-RDT40,Equipment for Sale: Earthmoving,"Rigid off-highway dump truck 40t (CAT 773/Komatsu HD405), foreign used",nr,350000000,280000000.0,420000000.0,0,LOW,,2026-10-01,Desk estimate (Oct 2026); verify with 3 dealer quotes,Abuja
M-EQ-GR12N,Equipment for Sale: Road Construction & Compaction,"Motor grader CAT 12G/12F, Nigerian used",nr,50000000,33000000,65000000,0,MEDIUM,2026-10-01,2026-10-01,"Jiji.ng motor grader listings checked 1 Oct 2026: Nigerian-used CAT 12G N35-65m, 140G N70-85m, foreign-used 140G N175m, new LiuGong/SDLG/Shantui N108-176m",Abuja
M-EQ-GR14N,Equipment for Sale: Road Construction & Compaction,"Motor grader CAT 140G, Nigerian used",nr,80000000,70000000,85000000,0,MEDIUM,2026-10-01,2026-10-01,"Jiji.ng motor grader listings checked 1 Oct 2026: Nigerian-used CAT 12G N35-65m, 140G N70-85m, foreign-used 140G N175m, new LiuGong/SDLG/Shantui N108-176m",Abuja
M-EQ-GR14U,Equipment for Sale: Road Construction & Compaction,"Motor grader CAT 140G/14E/120B, foreign used",nr,120000000,75000000,175000000,0,MEDIUM,2026-10-01,2026-10-01,"Jiji.ng motor grader listings checked 1 Oct 2026: Nigerian-used CAT 12G N35-65m, 140G N70-85m, foreign-used 140G N175m, new LiuGong/SDLG/Shantui N108-176m",Abuja
M-EQ-GRCN,Equipment for Sale: Road Construction & Compaction,"Motor grader 180-215hp, new Chinese (LiuGong/SDLG/Shantui)",nr,150000000,108000000,176000000,0,MEDIUM,2026-10-01,2026-10-01,"Jiji.ng motor grader listings checked 1 Oct 2026: Nigerian-used CAT 12G N35-65m, 140G N70-85m, foreign-used 140G N175m, new LiuGong/SDLG/Shantui N108-176m",Abuja
M-EQ-GRCAT,Equipment for Sale: Road Construction & Compaction,"Motor grader CAT 140 GC, new",nr,429226000.0,343380800.0,515071200.0,0,LOW,,2026-10-01,"Desk estimate US$230,000 FOB China/EU x 1.4 landed x NFEM rate (Oct 2026); verify with dealer quotes",Abuja
M-EQ-SDR12,Equipment for Sale: Road Construction & Compaction,"Single-drum vibratory roller 12-14t, new Chinese (XCMG XS123/LiuGong 6114)",nr,89577600.0,71662080.0,107493120.0,0,LOW,,2026-10-01,"Desk estimate US$48,000 FOB China/EU x 1.4 landed x NFEM rate (Oct 2026); verify with dealer quotes",Abuja
M-EQ-SDR12U,Equipment for Sale: Road Construction & Compaction,"Single-drum vibratory roller 10-12t (Dynapac CA25/Bomag BW213), foreign used",nr,55000000,44000000.0,66000000.0,0,LOW,,2026-10-01,Desk estimate (Oct 2026); verify with 3 dealer quotes,Abuja
M-EQ-TDR3,Equipment for Sale: Road Construction & Compaction,"Tandem vibratory roller 3t, new",nr,25000000,22000000,33000000,0,MEDIUM,2026-10-01,2026-10-01,"Jiji.ng road roller listings checked 1 Oct 2026: walk-behind 550-800kg N5-7m, 3t tandem N25-33m, 5t ride-on N49.5-59.5m",Abuja
M-EQ-RR5,Equipment for Sale: Road Construction & Compaction,"Ride-on vibratory roller 5t, new",nr,55000000,49500000.0,59500000.0,0,MEDIUM,2026-10-01,2026-10-01,"Jiji.ng road roller listings checked 1 Oct 2026: walk-behind 550-800kg N5-7m, 3t tandem N25-33m, 5t ride-on N49.5-59.5m",Abuja
M-EQ-WBR,Equipment for Sale: Road Construction & Compaction,"Walk-behind double-drum roller 550-800kg, new",nr,6500000.0,5000000,7000000,0,MEDIUM,2026-10-01,2026-10-01,"Jiji.ng road roller listings checked 1 Oct 2026: walk-behind 550-800kg N5-7m, 3t tandem N25-33m, 5t ride-on N49.5-59.5m",Abuja
M-EQ-WBR1,Equipment for Sale: Road Construction & Compaction,"Walk-behind single-drum roller 330kg, new",nr,3800000.0,3700000.0,4200000.0,0,MEDIUM,2026-10-01,2026-10-01,"Jiji.ng road roller listings checked 1 Oct 2026: walk-behind 550-800kg N5-7m, 3t tandem N25-33m, 5t ride-on N49.5-59.5m",Abuja
M-EQ-PTR,Equipment for Sale: Road Construction & Compaction,"Pneumatic-tyred roller 16-26t, new Chinese",nr,102641000.0,82112800.0,123169200.0,0,LOW,,2026-10-01,"Desk estimate US$55,000 FOB China/EU x 1.4 landed x NFEM rate (Oct 2026); verify with dealer quotes",Abuja
M-EQ-PAVU,Equipment for Sale: Road Construction & Compaction,"Asphalt paver (CAT AP-1000/Vogele), foreign used",nr,250000000,145000000,280000000,0,MEDIUM,2026-10-01,2026-10-01,Jiji.ng asphalt equipment listings checked 1 Oct 2026: tokunbo CAT/Vogele pavers N145-280m,Abuja
M-EQ-PAVN,Equipment for Sale: Road Construction & Compaction,"Asphalt paver 9m, new Chinese (XCMG RP903/SANY)",nr,317254000.0,253803200.0,380704800.0,0,LOW,,2026-10-01,"Desk estimate US$170,000 FOB China/EU x 1.4 landed x NFEM rate (Oct 2026); verify with dealer quotes",Abuja
M-EQ-AMP80,Equipment for Sale: Road Construction & Compaction,"Asphalt batch mixing plant 80 t/h, new Chinese, ex-works",nr,522536000.0,418028800.0,627043200.0,0,LOW,,2026-10-01,"Desk estimate US$280,000 FOB China/EU x 1.4 landed x NFEM rate (Oct 2026); verify with dealer quotes",Abuja
M-EQ-AMP160,Equipment for Sale: Road Construction & Compaction,"Asphalt batch mixing plant 160 t/h, new Chinese, ex-works",nr,895776000.0,716620800.0,1074931200.0,0,LOW,,2026-10-01,"Desk estimate US$480,000 FOB China/EU x 1.4 landed x NFEM rate (Oct 2026); verify with dealer quotes",Abuja
M-EQ-BDIS,Equipment for Sale: Road Construction & Compaction,"Bitumen distributor truck 8,000L, new",nr,102641000.0,82112800.0,123169200.0,0,LOW,,2026-10-01,"Desk estimate US$55,000 FOB China/EU x 1.4 landed x NFEM rate (Oct 2026); verify with dealer quotes",Abuja
M-EQ-CHSP,Equipment for Sale: Road Construction & Compaction,"Chip spreader (self-propelled or truck-mounted), new",nr,74648000.0,59718400.0,89577600.0,0,LOW,,2026-10-01,"Desk estimate US$40,000 FOB China/EU x 1.4 landed x NFEM rate (Oct 2026); verify with dealer quotes",Abuja
M-EQ-MILL,Equipment for Sale: Road Construction & Compaction,"Cold milling machine 1.0-1.3m drum, foreign used",nr,200000000,160000000.0,240000000.0,0,LOW,,2026-10-01,Desk estimate (Oct 2026); verify with 3 dealer quotes,Abuja
M-EQ-LMRK,Equipment for Sale: Road Construction & Compaction,"Thermoplastic road-marking machine (hand-push) with pre-heater, new",nr,11197200.0,8957760.0,13436640.0,0,LOW,,2026-10-01,"Desk estimate US$6,000 FOB China/EU x 1.4 landed x NFEM rate (Oct 2026); verify with dealer quotes",Abuja
M-EQ-KERB,Equipment for Sale: Road Construction & Compaction,"Kerb/drain slipform machine (small), new",nr,65317000.0,52253600.0,78380400.0,0,LOW,,2026-10-01,"Desk estimate US$35,000 FOB China/EU x 1.4 landed x NFEM rate (Oct 2026); verify with dealer quotes",Abuja
M-EQ-STAB,Equipment for Sale: Road Construction & Compaction,"Soil stabiliser / recycler (WR-class), new Chinese",nr,559860000.0,447888000.0,671832000.0,0,LOW,,2026-10-01,"Desk estimate US$300,000 FOB China/EU x 1.4 landed x NFEM rate (Oct 2026); verify with dealer quotes",Abuja
M-EQ-TIP30N,Equipment for Sale: Trucks & Haulage,"Tipper truck 6x4 371hp 30t (Sinotruk Howo), new",nr,100000000,65000000,110000000,0,MEDIUM,2026-10-01,2026-10-01,"Jiji.ng Howo truck listings checked 1 Oct 2026: new 371 tippers N52-110m, used tippers N48-58m, used tractor head N46.5m, used mixer truck N44m, used tankers N55-57m",Abuja
M-EQ-TIP30U,Equipment for Sale: Trucks & Haulage,"Tipper truck 6x4 30-35t (Howo), used",nr,55000000,48000000,58000000,0,MEDIUM,2026-10-01,2026-10-01,"Jiji.ng Howo truck listings checked 1 Oct 2026: new 371 tippers N52-110m, used tippers N48-58m, used tractor head N46.5m, used mixer truck N44m, used tankers N55-57m",Abuja
M-EQ-TIPMB,Equipment for Sale: Trucks & Haulage,"Tipper truck (Mack/MAN/Mercedes), foreign used",nr,60000000,48000000.0,72000000.0,0,LOW,,2026-10-01,Desk estimate (Oct 2026); verify with 3 dealer quotes,Abuja
M-EQ-TIP10,Equipment for Sale: Trucks & Haulage,"Tipper truck 10-15t 4x2, used",nr,30000000,24000000.0,36000000.0,0,LOW,,2026-10-01,Desk estimate (Oct 2026); verify with 3 dealer quotes,Abuja
M-EQ-THN,Equipment for Sale: Trucks & Haulage,"Tractor head 6x4 (Howo/Shacman), new",nr,75000000,60000000.0,90000000.0,0,LOW,,2026-10-01,Desk estimate (Oct 2026); verify with 3 dealer quotes,Abuja
M-EQ-THU,Equipment for Sale: Trucks & Haulage,"Tractor head 6x4 (Howo), used",nr,46500000.0,40000000,55000000,0,MEDIUM,2026-10-01,2026-10-01,"Jiji.ng Howo truck listings checked 1 Oct 2026: new 371 tippers N52-110m, used tippers N48-58m, used tractor head N46.5m, used mixer truck N44m, used tankers N55-57m",Abuja
M-EQ-LB80,Equipment for Sale: Trucks & Haulage,"Low-bed trailer 80t (back-loading), new",nr,55000000,50000000,62000000,0,MEDIUM,2026-10-01,2026-10-01,"Jiji.ng low-bed listings checked 1 Oct 2026: new 100t front-loading N86-92m, new 80t N55m",Abuja
M-EQ-LB100,Equipment for Sale: Trucks & Haulage,"Low-bed trailer 100t front-loading, new",nr,89000000,86000000,92000000,0,MEDIUM,2026-10-01,2026-10-01,"Jiji.ng low-bed listings checked 1 Oct 2026: new 100t front-loading N86-92m, new 80t N55m",Abuja
M-EQ-FLATT,Equipment for Sale: Trucks & Haulage,"Flatbed trailer 40ft tri-axle, new",nr,25000000,20000000.0,30000000.0,0,LOW,,2026-10-01,Desk estimate (Oct 2026); verify with 3 dealer quotes,Abuja
M-EQ-TM10N,Equipment for Sale: Trucks & Haulage,"Transit mixer truck 9-10m3 (Howo/SANY), new",nr,102641000.0,82112800.0,123169200.0,0,LOW,,2026-10-01,"Desk estimate US$55,000 FOB China/EU x 1.4 landed x NFEM rate (Oct 2026); verify with dealer quotes",Abuja
M-EQ-TM10U,Equipment for Sale: Trucks & Haulage,"Transit mixer truck (Howo), used",nr,44000000,38000000,55000000,0,MEDIUM,2026-10-01,2026-10-01,"Jiji.ng Howo truck listings checked 1 Oct 2026: new 371 tippers N52-110m, used tippers N48-58m, used tractor head N46.5m, used mixer truck N44m, used tankers N55-57m",Abuja
M-EQ-WTK,Equipment for Sale: Trucks & Haulage,"Water tanker truck 20,000-30,000L, used",nr,55000000,45000000,60000000,0,MEDIUM,2026-10-01,2026-10-01,"Jiji.ng Howo truck listings checked 1 Oct 2026: new 371 tippers N52-110m, used tippers N48-58m, used tractor head N46.5m, used mixer truck N44m, used tankers N55-57m",Abuja
M-EQ-FBWN,Equipment for Sale: Trucks & Haulage,"Diesel bowser truck 15,000-20,000L, new",nr,93310000.0,74648000.0,111972000.0,0,LOW,,2026-10-01,"Desk estimate US$50,000 FOB China/EU x 1.4 landed x NFEM rate (Oct 2026); verify with dealer quotes",Abuja
M-EQ-KNCK,Equipment for Sale: Trucks & Haulage,"Truck with 10t knuckle-boom crane (Howo/XCMG), used",nr,110000000,90000000,130000000,0,MEDIUM,2026-10-01,2026-10-01,"Jiji.ng Howo truck listings checked 1 Oct 2026: new 371 tippers N52-110m, used tippers N48-58m, used tractor head N46.5m, used mixer truck N44m, used tankers N55-57m",Abuja
M-EQ-PU4X4,Equipment for Sale: Trucks & Haulage,"Pickup 4x4 double cabin (Toyota Hilux/Ford Ranger), new",nr,75000000,60000000.0,90000000.0,0,LOW,,2026-10-01,Desk estimate (Oct 2026); verify with 3 dealer quotes,Abuja
M-EQ-PU4U,Equipment for Sale: Trucks & Haulage,"Pickup 4x4 double cabin, foreign used",nr,35000000,28000000.0,42000000.0,0,LOW,,2026-10-01,Desk estimate (Oct 2026); verify with 3 dealer quotes,Abuja
M-EQ-BUS18,Equipment for Sale: Trucks & Haulage,"Staff bus 14-18 seater (Toyota Hiace), foreign used",nr,45000000,36000000.0,54000000.0,0,LOW,,2026-10-01,Desk estimate (Oct 2026); verify with 3 dealer quotes,Abuja
M-EQ-DUMP3,Equipment for Sale: Trucks & Haulage,"Site dumper 3t (front-tip), new",nr,22394400.0,17915520.0,26873280.0,0,LOW,,2026-10-01,"Desk estimate US$12,000 FOB China/EU x 1.4 landed x NFEM rate (Oct 2026); verify with dealer quotes",Abuja
M-EQ-TC25N,Equipment for Sale: Cranes & Lifting,"Truck crane 25t, new Chinese (XCMG QY25K/SANY STC250)",nr,242606000.0,194084800.0,291127200.0,0,LOW,,2026-10-01,"Desk estimate US$130,000 FOB China/EU x 1.4 landed x NFEM rate (Oct 2026); verify with dealer quotes",Abuja
M-EQ-TC55U,Equipment for Sale: Cranes & Lifting,"Truck crane 50-55t (SANY/XCMG), foreign used",nr,140000000,120000000,160000000,0,MEDIUM,2026-10-01,2026-10-01,"Jiji.ng crane listings checked 1 Oct 2026: SANY 55t truck crane N140m, 80t N165-170m, Grove 80t N280-300m, Grove 90t N480-605m, Grove 120t N500-650m, new Zoomlion 55t N299m, new XCMG 70t N450m, 150t crawler N240-280m",Abuja
M-EQ-TC55N,Equipment for Sale: Cranes & Lifting,"Truck crane 55t, new Chinese (Zoomlion/XCMG)",nr,300000000,270000000,330000000,0,MEDIUM,2026-10-01,2026-10-01,"Jiji.ng crane listings checked 1 Oct 2026: SANY 55t truck crane N140m, 80t N165-170m, Grove 80t N280-300m, Grove 90t N480-605m, Grove 120t N500-650m, new Zoomlion 55t N299m, new XCMG 70t N450m, 150t crawler N240-280m",Abuja
M-EQ-TC70N,Equipment for Sale: Cranes & Lifting,"Truck crane 70t, new Chinese (XCMG)",nr,450000000,400000000,490000000,0,MEDIUM,2026-10-01,2026-10-01,"Jiji.ng crane listings checked 1 Oct 2026: SANY 55t truck crane N140m, 80t N165-170m, Grove 80t N280-300m, Grove 90t N480-605m, Grove 120t N500-650m, new Zoomlion 55t N299m, new XCMG 70t N450m, 150t crawler N240-280m",Abuja
M-EQ-TC80U,Equipment for Sale: Cranes & Lifting,"Truck crane 80t (SANY), foreign used",nr,168000000,150000000,190000000,0,MEDIUM,2026-10-01,2026-10-01,"Jiji.ng crane listings checked 1 Oct 2026: SANY 55t truck crane N140m, 80t N165-170m, Grove 80t N280-300m, Grove 90t N480-605m, Grove 120t N500-650m, new Zoomlion 55t N299m, new XCMG 70t N450m, 150t crawler N240-280m",Abuja
M-EQ-AT80U,Equipment for Sale: Cranes & Lifting,"All-terrain crane 80t (Grove), foreign used",nr,290000000,280000000,320000000,0,MEDIUM,2026-10-01,2026-10-01,"Jiji.ng crane listings checked 1 Oct 2026: SANY 55t truck crane N140m, 80t N165-170m, Grove 80t N280-300m, Grove 90t N480-605m, Grove 120t N500-650m, new Zoomlion 55t N299m, new XCMG 70t N450m, 150t crawler N240-280m",Abuja
M-EQ-AT90U,Equipment for Sale: Cranes & Lifting,"All-terrain crane 90t 4x4 (Grove), foreign used",nr,540000000,480000000,605000000,0,MEDIUM,2026-10-01,2026-10-01,"Jiji.ng crane listings checked 1 Oct 2026: SANY 55t truck crane N140m, 80t N165-170m, Grove 80t N280-300m, Grove 90t N480-605m, Grove 120t N500-650m, new Zoomlion 55t N299m, new XCMG 70t N450m, 150t crawler N240-280m",Abuja
M-EQ-AT120U,Equipment for Sale: Cranes & Lifting,"All-terrain crane 110-120t (Grove), foreign used",nr,560000000,300000000,650000000,0,MEDIUM,2026-10-01,2026-10-01,"Jiji.ng crane listings checked 1 Oct 2026: SANY 55t truck crane N140m, 80t N165-170m, Grove 80t N280-300m, Grove 90t N480-605m, Grove 120t N500-650m, new Zoomlion 55t N299m, new XCMG 70t N450m, 150t crawler N240-280m",Abuja
M-EQ-TC400U,Equipment for Sale: Cranes & Lifting,"Truck crane 350-450t (SANY/Zoomlion), foreign used",nr,1100000000,900000000,1300000000,0,MEDIUM,2026-10-01,2026-10-01,"Jiji.ng crane listings checked 1 Oct 2026: SANY 55t truck crane N140m, 80t N165-170m, Grove 80t N280-300m, Grove 90t N480-605m, Grove 120t N500-650m, new Zoomlion 55t N299m, new XCMG 70t N450m, 150t crawler N240-280m",Abuja
M-EQ-CC55U,Equipment for Sale: Cranes & Lifting,"Crawler crane 55-60t (SANY/XCMG), foreign used",nr,90000000,80000000,100000000,0,MEDIUM,2026-10-01,2026-10-01,"Jiji.ng crane listings checked 1 Oct 2026: SANY 55t truck crane N140m, 80t N165-170m, Grove 80t N280-300m, Grove 90t N480-605m, Grove 120t N500-650m, new Zoomlion 55t N299m, new XCMG 70t N450m, 150t crawler N240-280m",Abuja
M-EQ-CC150U,Equipment for Sale: Cranes & Lifting,"Crawler crane 150t (SANY), foreign used",nr,260000000,240000000,280000000,0,MEDIUM,2026-10-01,2026-10-01,"Jiji.ng crane listings checked 1 Oct 2026: SANY 55t truck crane N140m, 80t N165-170m, Grove 80t N280-300m, Grove 90t N480-605m, Grove 120t N500-650m, new Zoomlion 55t N299m, new XCMG 70t N450m, 150t crawler N240-280m",Abuja
M-EQ-TWU,Equipment for Sale: Cranes & Lifting,"Tower crane 6-12t, 50-60m jib, used (Potain/XCMG)",nr,220000000,185000000,350000000,0,MEDIUM,2026-10-01,2026-10-01,"Jiji.ng tower crane listings checked 1 Oct 2026: used N185-350m, new Potain N450m",Abuja
M-EQ-TWPN,Equipment for Sale: Cranes & Lifting,"Tower crane 6t, 60m jib, new Potain",nr,450000000,400000000,500000000,0,LOW,,2026-10-01,"Jiji.ng tower crane listings checked 1 Oct 2026: used N185-350m, new Potain N450m",Abuja
M-EQ-TWCN,Equipment for Sale: Cranes & Lifting,"Tower crane QTZ63/QTZ80 (6-8t, 50-55m jib), new Chinese incl. 40m mast",nr,111972000.0,89577600.0,134366400.0,0,LOW,,2026-10-01,"Desk estimate US$60,000 FOB China/EU x 1.4 landed x NFEM rate (Oct 2026); verify with dealer quotes",Abuja
M-EQ-FL3D,Equipment for Sale: Cranes & Lifting,"Forklift 3t diesel, new",nr,35000000,23000000,38500000.0,0,MEDIUM,2026-10-01,2026-10-01,"Jiji.ng forklift listings checked 1 Oct 2026: new 3t N23-38.5m, 7t N80m, 10t N155m, 16t N285m",Abuja
M-EQ-FL3E,Equipment for Sale: Cranes & Lifting,"Forklift 3t electric, new",nr,32000000,30000000,36000000,0,MEDIUM,2026-10-01,2026-10-01,"Jiji.ng forklift listings checked 1 Oct 2026: new 3t N23-38.5m, 7t N80m, 10t N155m, 16t N285m",Abuja
M-EQ-FL7,Equipment for Sale: Cranes & Lifting,"Forklift 7t diesel, new",nr,80000000,75000000,85000000,0,MEDIUM,2026-10-01,2026-10-01,"Jiji.ng forklift listings checked 1 Oct 2026: new 3t N23-38.5m, 7t N80m, 10t N155m, 16t N285m",Abuja
M-EQ-FL10,Equipment for Sale: Cranes & Lifting,"Forklift 10t diesel, new",nr,155000000,140000000,170000000,0,MEDIUM,2026-10-01,2026-10-01,"Jiji.ng forklift listings checked 1 Oct 2026: new 3t N23-38.5m, 7t N80m, 10t N155m, 16t N285m",Abuja
M-EQ-FL16,Equipment for Sale: Cranes & Lifting,"Forklift 16t diesel, new",nr,285000000,270000000,300000000,0,MEDIUM,2026-10-01,2026-10-01,"Jiji.ng forklift listings checked 1 Oct 2026: new 3t N23-38.5m, 7t N80m, 10t N155m, 16t N285m",Abuja
M-EQ-FL3U,Equipment for Sale: Cranes & Lifting,"Forklift 3-5t, foreign used",nr,25000000,20000000.0,30000000.0,0,LOW,,2026-10-01,"Jiji.ng forklift listings checked 1 Oct 2026: new 3t N23-38.5m, 7t N80m, 10t N155m, 16t N285m",Abuja
M-EQ-TELU,Equipment for Sale: Cranes & Lifting,"Telehandler 4t 14-17m (JCB/Manitou), foreign used",nr,110000000,88000000.0,132000000.0,0,LOW,,2026-10-01,Desk estimate (Oct 2026); verify with 3 dealer quotes,Abuja
M-EQ-HOIST,Equipment for Sale: Cranes & Lifting,"Builder's passenger/material hoist 2t twin cage, new Chinese, incl. 50m mast",nr,52253600.0,41802880.0,62704320.0,0,LOW,,2026-10-01,"Desk estimate US$28,000 FOB China/EU x 1.4 landed x NFEM rate (Oct 2026); verify with dealer quotes",Abuja
M-EQ-SCIS,Equipment for Sale: Cranes & Lifting,"Scissor lift 10-12m electric, new",nr,22394400.0,17915520.0,26873280.0,0,LOW,,2026-10-01,"Desk estimate US$12,000 FOB China/EU x 1.4 landed x NFEM rate (Oct 2026); verify with dealer quotes",Abuja
M-EQ-BOOM,Equipment for Sale: Cranes & Lifting,"Articulated boom lift 18-20m diesel, foreign used",nr,90000000,72000000.0,108000000.0,0,LOW,,2026-10-01,Desk estimate (Oct 2026); verify with 3 dealer quotes,Abuja
M-EQ-CHB5,Equipment for Sale: Cranes & Lifting,Chain block 5t x 6m lift,nr,350000,280000.0,420000.0,0,LOW,,2026-10-01,Desk estimate (Oct 2026); verify with 3 dealer quotes,Abuja
M-EQ-GNTY,Equipment for Sale: Cranes & Lifting,"Gantry crane 10t x 20m span, new Chinese (precast yard)",nr,55986000.0,44788800.0,67183200.0,0,LOW,,2026-10-01,"Desk estimate US$30,000 FOB China/EU x 1.4 landed x NFEM rate (Oct 2026); verify with dealer quotes",Abuja
M-EQ-BP35,Equipment for Sale: Concrete & Block Making,"Concrete batching plant 35 m3/h, new",nr,118000000,115000000,120000000,0,MEDIUM,2026-10-01,2026-10-01,"Jiji.ng concrete batch plant listings checked 1 Oct 2026: new 35m3/h N115-120m, 50m3/h N165-180m, 75m3/h N192-200m",Abuja
M-EQ-BP50,Equipment for Sale: Concrete & Block Making,"Concrete batching plant 50 m3/h, new",nr,170000000,165000000,180000000,0,MEDIUM,2026-10-01,2026-10-01,"Jiji.ng concrete batch plant listings checked 1 Oct 2026: new 35m3/h N115-120m, 50m3/h N165-180m, 75m3/h N192-200m",Abuja
M-EQ-BP75,Equipment for Sale: Concrete & Block Making,"Concrete batching plant 75 m3/h, new",nr,196000000,192000000,200000000,0,MEDIUM,2026-10-01,2026-10-01,"Jiji.ng concrete batch plant listings checked 1 Oct 2026: new 35m3/h N115-120m, 50m3/h N165-180m, 75m3/h N192-200m",Abuja
M-EQ-BP120,Equipment for Sale: Concrete & Block Making,"Concrete batching plant 120 m3/h, new Chinese, ex-works",nr,307923000.0,246338400.0,369507600.0,0,LOW,,2026-10-01,"Desk estimate US$165,000 FOB China/EU x 1.4 landed x NFEM rate (Oct 2026); verify with dealer quotes",Abuja
M-EQ-BPMOB,Equipment for Sale: Concrete & Block Making,"Mobile concrete batching plant 25 m3/h, new",nr,65317000.0,52253600.0,78380400.0,0,LOW,,2026-10-01,"Desk estimate US$35,000 FOB China/EU x 1.4 landed x NFEM rate (Oct 2026); verify with dealer quotes",Abuja
M-EQ-SILO,Equipment for Sale: Concrete & Block Making,"Cement silo 100t bolted, new",nr,16795800.0,13436640.0,20154960.0,0,LOW,,2026-10-01,"Desk estimate US$9,000 FOB China/EU x 1.4 landed x NFEM rate (Oct 2026); verify with dealer quotes",Abuja
M-EQ-CP20,Equipment for Sale: Concrete & Block Making,"Concrete trailer pump 15-20 m3/h, new",nr,29000000,28000000,30000000,0,MEDIUM,2026-10-01,2026-10-01,"Jiji.ng concrete pump listings checked 1 Oct 2026: new 15-20m3/h N28-30m, 40m3/h N33-50m, 60m3/h N65-75m, 80m3/h N80m, 100m3/h N110m, used boom trucks N140-175m",Abuja
M-EQ-CP40,Equipment for Sale: Concrete & Block Making,"Concrete trailer pump 40 m3/h with 100m pipe, new",nr,48000000,33000000,50000000,0,MEDIUM,2026-10-01,2026-10-01,"Jiji.ng concrete pump listings checked 1 Oct 2026: new 15-20m3/h N28-30m, 40m3/h N33-50m, 60m3/h N65-75m, 80m3/h N80m, 100m3/h N110m, used boom trucks N140-175m",Abuja
M-EQ-CP60,Equipment for Sale: Concrete & Block Making,"Concrete trailer pump 60 m3/h, new",nr,70000000,65000000,75000000,0,MEDIUM,2026-10-01,2026-10-01,"Jiji.ng concrete pump listings checked 1 Oct 2026: new 15-20m3/h N28-30m, 40m3/h N33-50m, 60m3/h N65-75m, 80m3/h N80m, 100m3/h N110m, used boom trucks N140-175m",Abuja
M-EQ-CP80,Equipment for Sale: Concrete & Block Making,"Concrete trailer pump 80 m3/h, new",nr,80000000,75000000,90000000,0,MEDIUM,2026-10-01,2026-10-01,"Jiji.ng concrete pump listings checked 1 Oct 2026: new 15-20m3/h N28-30m, 40m3/h N33-50m, 60m3/h N65-75m, 80m3/h N80m, 100m3/h N110m, used boom trucks N140-175m",Abuja
M-EQ-CP100,Equipment for Sale: Concrete & Block Making,"Concrete trailer pump 100 m3/h, new",nr,110000000,100000000,120000000,0,MEDIUM,2026-10-01,2026-10-01,"Jiji.ng concrete pump listings checked 1 Oct 2026: new 15-20m3/h N28-30m, 40m3/h N33-50m, 60m3/h N65-75m, 80m3/h N80m, 100m3/h N110m, used boom trucks N140-175m",Abuja
M-EQ-CPBM,Equipment for Sale: Concrete & Block Making,"Truck-mounted boom pump 34-52m (SANY/Zoomlion), foreign used",nr,160000000,140000000,175000000,0,MEDIUM,2026-10-01,2026-10-01,"Jiji.ng concrete pump listings checked 1 Oct 2026: new 15-20m3/h N28-30m, 40m3/h N33-50m, 60m3/h N65-75m, 80m3/h N80m, 100m3/h N110m, used boom trucks N140-175m",Abuja
M-EQ-MXPMP,Equipment for Sale: Concrete & Block Making,"Diesel concrete mixer with pump (mixer-pump), new",nr,55000000,50000000,60000000,0,MEDIUM,2026-10-01,2026-10-01,"Jiji.ng concrete pump listings checked 1 Oct 2026: new 15-20m3/h N28-30m, 40m3/h N33-50m, 60m3/h N65-75m, 80m3/h N80m, 100m3/h N110m, used boom trucks N140-175m",Abuja
M-EQ-SLMX,Equipment for Sale: Concrete & Block Making,"Self-loading concrete mixer 3.5-4 m3, new Chinese",nr,55986000.0,44788800.0,67183200.0,0,LOW,,2026-10-01,"Desk estimate US$30,000 FOB China/EU x 1.4 landed x NFEM rate (Oct 2026); verify with dealer quotes",Abuja
M-EQ-MX2B,Equipment for Sale: Concrete & Block Making,"Concrete mixer 2-bag diesel (reversing drum), new",nr,4500000.0,3600000.0,5400000.0,0,LOW,,2026-10-01,Desk estimate (Oct 2026); verify with 3 dealer quotes,Abuja
M-EQ-VIBE,Equipment for Sale: Concrete & Block Making,High-frequency electric poker vibrator 2.2kW with 6m shaft,nr,350000,280000.0,420000.0,0,LOW,,2026-10-01,Desk estimate (Oct 2026); verify with 3 dealer quotes,Abuja
M-EQ-PTRW,Equipment for Sale: Concrete & Block Making,"Power trowel (helicopter) 36"" petrol",nr,1200000.0,960000.0,1440000.0,0,LOW,,2026-10-01,Desk estimate (Oct 2026); verify with 3 dealer quotes,Abuja
M-EQ-FSAW,Equipment for Sale: Concrete & Block Making,"Concrete floor/road saw 18"" petrol",nr,1400000.0,1120000.0,1680000.0,0,LOW,,2026-10-01,Desk estimate (Oct 2026); verify with 3 dealer quotes,Abuja
M-EQ-CORE,Equipment for Sale: Concrete & Block Making,"Diamond core drilling machine up to 200mm, with stand",nr,1600000.0,1280000.0,1920000.0,0,LOW,,2026-10-01,Desk estimate (Oct 2026); verify with 3 dealer quotes,Abuja
M-EQ-RCUT,Equipment for Sale: Concrete & Block Making,Electric rebar cutter up to 40mm (GQ40),nr,1100000.0,880000.0,1320000.0,0,LOW,,2026-10-01,Desk estimate (Oct 2026); verify with 3 dealer quotes,Abuja
M-EQ-RBND,Equipment for Sale: Concrete & Block Making,Electric rebar bender up to 40mm (GW40),nr,1300000.0,1040000.0,1560000.0,0,LOW,,2026-10-01,Desk estimate (Oct 2026); verify with 3 dealer quotes,Abuja
M-EQ-RTHR,Equipment for Sale: Concrete & Block Making,Rebar thread-rolling machine (for couplers),nr,3500000.0,2800000.0,4200000.0,0,LOW,,2026-10-01,Desk estimate (Oct 2026); verify with 3 dealer quotes,Abuja
M-EQ-BM2,Equipment for Sale: Concrete & Block Making,"Block moulding machine, locally fabricated (2 blocks per drop)",nr,550000,450000,650000,0,MEDIUM,2026-10-01,2026-10-01,"Nigerian Search Guide, 'Cost of block moulding machines in Nigeria (2026)'",Abuja
M-EQ-BMEL,Equipment for Sale: Concrete & Block Making,"Electric vibrating block machine 6""/9"", locally fabricated",nr,650000,550000,750000,0,MEDIUM,2026-10-01,2026-10-01,"Nigerian Search Guide, 'Cost of block moulding machines in Nigeria (2026)'",Abuja
M-EQ-BMEGG,Equipment for Sale: Concrete & Block Making,"Egg-laying (mobile) block machine, Nigerian fabricated (~1,000 blocks/day)",nr,900000,800000,1200000.0,0,MEDIUM,2026-10-01,2026-10-01,"Nigerian Search Guide, 'Cost of block moulding machines in Nigeria (2026)'",Abuja
M-EQ-BMFT,Equipment for Sale: Concrete & Block Making,"Block moulding line FT4-5 / mobile type (~3,000 blocks/day)",nr,5200000.0,3900000.0,6500000.0,0,MEDIUM,2026-10-01,2026-10-01,"Nigerian Search Guide, 'Cost of block moulding machines in Nigeria (2026)'",Abuja
M-EQ-BMHY,Equipment for Sale: Concrete & Block Making,Hydraulic electric block machine,nr,8000000,7000000,9000000,0,MEDIUM,2026-10-01,2026-10-01,"Nigerian Search Guide, 'Cost of block moulding machines in Nigeria (2026)'",Abuja
M-EQ-BMAUT,Equipment for Sale: Concrete & Block Making,Fully automatic block and brick machine (small line),nr,17000000,16000000,18000000,0,MEDIUM,2026-10-01,2026-10-01,"Nigerian Search Guide, 'Cost of block moulding machines in Nigeria (2026)'",Abuja
M-EQ-QT10,Equipment for Sale: Concrete & Block Making,"Automatic block and paver plant QT10-15 with pan mixer and stacker, new Chinese",nr,111972000.0,89577600.0,134366400.0,0,LOW,,2026-10-01,"Desk estimate US$60,000 FOB China/EU x 1.4 landed x NFEM rate (Oct 2026); verify with dealer quotes",Abuja
M-EQ-PANMX,Equipment for Sale: Concrete & Block Making,"Pan mixer JS500 / JQ350 for block plant, new",nr,7464800.0,5971840.0,8957760.0,0,LOW,,2026-10-01,"Desk estimate US$4,000 FOB China/EU x 1.4 landed x NFEM rate (Oct 2026); verify with dealer quotes",Abuja
M-EQ-JAWS,"Equipment for Sale: Quarry, Drilling & Compressors","Jaw crusher PE-250x400 (small), new Chinese",nr,8397900.0,6718320.0,10077480.0,0,LOW,,2026-10-01,"Desk estimate US$4,500 FOB China/EU x 1.4 landed x NFEM rate (Oct 2026); verify with dealer quotes",Abuja
M-EQ-JAWL,"Equipment for Sale: Quarry, Drilling & Compressors","Jaw crusher PE-900x1200, new",nr,200000000,170000000,230000000,0,LOW,,2026-10-01,"Jiji.ng stone crusher listings checked 1 Oct 2026: 200tph jaw-cone used N150-200m, 400-500tph N400m, PE900x1200 new N200m, wagon drills N40-90m",Abuja
M-EQ-CRU200,"Equipment for Sale: Quarry, Drilling & Compressors","Crushing plant 200 t/h (jaw + cone + screens), Nigerian used",nr,175000000,150000000,200000000,0,MEDIUM,2026-10-01,2026-10-01,"Jiji.ng stone crusher listings checked 1 Oct 2026: 200tph jaw-cone used N150-200m, 400-500tph N400m, PE900x1200 new N200m, wagon drills N40-90m",Abuja
M-EQ-CRU450,"Equipment for Sale: Quarry, Drilling & Compressors","Crushing plant 400-500 t/h, Nigerian used",nr,400000000,350000000,450000000,0,MEDIUM,2026-10-01,2026-10-01,"Jiji.ng stone crusher listings checked 1 Oct 2026: 200tph jaw-cone used N150-200m, 400-500tph N400m, PE900x1200 new N200m, wagon drills N40-90m",Abuja
M-EQ-MOBCR,"Equipment for Sale: Quarry, Drilling & Compressors","Tracked mobile jaw crusher (Metso/Sandvik/Powerscreen class), foreign used",nr,350000000,280000000.0,420000000.0,0,LOW,,2026-10-01,Desk estimate (Oct 2026); verify with 3 dealer quotes,Abuja
M-EQ-SCRN,"Equipment for Sale: Quarry, Drilling & Compressors","Vibrating screen 3-deck 1.8x6m, new Chinese",nr,27993000.0,22394400.0,33591600.0,0,LOW,,2026-10-01,"Desk estimate US$15,000 FOB China/EU x 1.4 landed x NFEM rate (Oct 2026); verify with dealer quotes",Abuja
M-EQ-CONV,"Equipment for Sale: Quarry, Drilling & Compressors","Belt conveyor 20m x 800mm with motor, new",nr,16795800.0,13436640.0,20154960.0,0,LOW,,2026-10-01,"Desk estimate US$9,000 FOB China/EU x 1.4 landed x NFEM rate (Oct 2026); verify with dealer quotes",Abuja
M-EQ-WAGON,"Equipment for Sale: Quarry, Drilling & Compressors","Wagon drill (pneumatic crawler drill), foreign used",nr,65000000,40000000,90000000,0,MEDIUM,2026-10-01,2026-10-01,"Jiji.ng stone crusher listings checked 1 Oct 2026: 200tph jaw-cone used N150-200m, 400-500tph N400m, PE900x1200 new N200m, wagon drills N40-90m",Abuja
M-EQ-DTH,"Equipment for Sale: Quarry, Drilling & Compressors","Hydraulic surface drill rig (top-hammer/DTH), foreign used",nr,250000000,200000000.0,300000000.0,0,LOW,,2026-10-01,Desk estimate (Oct 2026); verify with 3 dealer quotes,Abuja
M-EQ-BHRG,"Equipment for Sale: Quarry, Drilling & Compressors","Water-borehole drilling rig truck-mounted (200-300m), new Chinese",nr,139965000.0,111972000.0,167958000.0,0,LOW,,2026-10-01,"Desk estimate US$75,000 FOB China/EU x 1.4 landed x NFEM rate (Oct 2026); verify with dealer quotes",Abuja
M-EQ-BHRGU,"Equipment for Sale: Quarry, Drilling & Compressors","Water-borehole drilling rig (truck-mounted), Nigerian used",nr,60000000,48000000.0,72000000.0,0,LOW,,2026-10-01,Desk estimate (Oct 2026); verify with 3 dealer quotes,Abuja
M-EQ-AC750,"Equipment for Sale: Quarry, Drilling & Compressors","Diesel air compressor 750 cfm, new (Atlas Copco XAS class)",nr,83979000.0,67183200.0,100774800.0,0,LOW,,2026-10-01,"Desk estimate US$45,000 FOB China/EU x 1.4 landed x NFEM rate (Oct 2026); verify with dealer quotes",Abuja
M-EQ-AC375,"Equipment for Sale: Quarry, Drilling & Compressors","Diesel air compressor 375 cfm, new",nr,41056400.0,32845120.0,49267680.0,0,LOW,,2026-10-01,"Desk estimate US$22,000 FOB China/EU x 1.4 landed x NFEM rate (Oct 2026); verify with dealer quotes",Abuja
M-EQ-AC750U,"Equipment for Sale: Quarry, Drilling & Compressors","Diesel air compressor 750 cfm, foreign used",nr,35000000,28000000.0,42000000.0,0,LOW,,2026-10-01,Desk estimate (Oct 2026); verify with 3 dealer quotes,Abuja
M-EQ-AC100,"Equipment for Sale: Quarry, Drilling & Compressors",Electric air compressor 100L,nr,450000,360000.0,540000.0,0,LOW,,2026-10-01,Desk estimate (Oct 2026); verify with 3 dealer quotes,Abuja
M-EQ-JKHM,"Equipment for Sale: Quarry, Drilling & Compressors",Pneumatic jack hammer 25kg with hoses,nr,650000,520000.0,780000.0,0,LOW,,2026-10-01,Desk estimate (Oct 2026); verify with 3 dealer quotes,Abuja
M-EQ-EBRK,"Equipment for Sale: Quarry, Drilling & Compressors",Electric demolition hammer 30kg,nr,450000,360000.0,540000.0,0,LOW,,2026-10-01,Desk estimate (Oct 2026); verify with 3 dealer quotes,Abuja
M-EQ-G10,Equipment for Sale: Generators & Pumps,"Diesel generator 10kVA (Perkins/Kipor), new",nr,2400000.0,1600000.0,2950000.0,0,MEDIUM,2026-10-01,2026-10-01,"NaijaTechGuide generator price list (17 Jan 2026): Mikano 50kVA N7.2-10m, 100kVA N15.9-20.4m; Lister 250kVA N24.5-30.6m; Perkins 10kVA N1.95-2.95m",Abuja
M-EQ-G30,Equipment for Sale: Generators & Pumps,"Diesel generator 30kVA soundproof (Mikano/FG Wilson), new",nr,7000000,3700000.0,8100000.0,0,MEDIUM,2026-10-01,2026-10-01,"NaijaTechGuide generator price list (17 Jan 2026): Mikano 50kVA N7.2-10m, 100kVA N15.9-20.4m; Lister 250kVA N24.5-30.6m; Perkins 10kVA N1.95-2.95m",Abuja
M-EQ-G50,Equipment for Sale: Generators & Pumps,"Diesel generator 50kVA soundproof (Mikano), new",nr,8500000.0,7200000.0,10000000,0,MEDIUM,2026-10-01,2026-10-01,"NaijaTechGuide generator price list (17 Jan 2026): Mikano 50kVA N7.2-10m, 100kVA N15.9-20.4m; Lister 250kVA N24.5-30.6m; Perkins 10kVA N1.95-2.95m",Abuja
M-EQ-G100,Equipment for Sale: Generators & Pumps,"Diesel generator 100kVA soundproof (Mikano), new",nr,18000000,15900000.0,20400000.0,0,MEDIUM,2026-10-01,2026-10-01,"NaijaTechGuide generator price list (17 Jan 2026): Mikano 50kVA N7.2-10m, 100kVA N15.9-20.4m; Lister 250kVA N24.5-30.6m; Perkins 10kVA N1.95-2.95m",Abuja
M-EQ-G150,Equipment for Sale: Generators & Pumps,"Diesel generator 150kVA soundproof (Perkins-engined), new",nr,25000000,20000000.0,30000000.0,0,LOW,,2026-10-01,"Nigerian Price, Perkins list (Mar 2024) from N22m; adjusted",Abuja
M-EQ-G200,Equipment for Sale: Generators & Pumps,"Diesel generator 200kVA soundproof (Perkins-engined), new",nr,28000000,22400000.0,33600000.0,0,LOW,,2026-10-01,"Nigerian Price, Perkins list (Mar 2024) from N25m; adjusted",Abuja
M-EQ-G250,Equipment for Sale: Generators & Pumps,"Diesel generator 250kVA soundproof (Lister/Perkins-engined), new",nr,30000000,24500000.0,36000000,0,MEDIUM,2026-10-01,2026-10-01,"NaijaTechGuide generator price list (17 Jan 2026): Mikano 50kVA N7.2-10m, 100kVA N15.9-20.4m; Lister 250kVA N24.5-30.6m; Perkins 10kVA N1.95-2.95m",Abuja
M-EQ-G300,Equipment for Sale: Generators & Pumps,"Diesel generator 300kVA soundproof, new",nr,42000000,33600000.0,50400000.0,0,LOW,,2026-10-01,"Nigerian Price, Perkins list (Mar 2024) from N38.9m; adjusted",Abuja
M-EQ-G500,Equipment for Sale: Generators & Pumps,"Diesel generator 500kVA soundproof, new",nr,60000000,48000000.0,72000000.0,0,LOW,,2026-10-01,"Nigerian Price, Perkins list (Mar 2024) from N47m; adjusted",Abuja
M-EQ-G1000,Equipment for Sale: Generators & Pumps,"Diesel generator 1,000kVA soundproof, new",nr,125000000,100000000.0,150000000.0,0,LOW,,2026-10-01,Desk estimate (Oct 2026); verify with 3 dealer quotes,Abuja
M-EQ-P55,Equipment for Sale: Generators & Pumps,"Petrol generator 5.5kVA (Honda/Firman), new",nr,650000,405000,900000,0,MEDIUM,2026-10-01,2026-10-01,"NaijaTechGuide generator price list (17 Jan 2026): Mikano 50kVA N7.2-10m, 100kVA N15.9-20.4m; Lister 250kVA N24.5-30.6m; Perkins 10kVA N1.95-2.95m",Abuja
M-EQ-P10,Equipment for Sale: Generators & Pumps,"Petrol generator 10kVA (Firman), new",nr,825000,800000,850000,0,MEDIUM,2026-10-01,2026-10-01,"NaijaTechGuide generator price list (17 Jan 2026): Mikano 50kVA N7.2-10m, 100kVA N15.9-20.4m; Lister 250kVA N24.5-30.6m; Perkins 10kVA N1.95-2.95m",Abuja
M-EQ-LTWR,Equipment for Sale: Generators & Pumps,"Lighting tower 4x1000W diesel, new",nr,12130300.0,9704240.0,14556360.0,0,LOW,,2026-10-01,"Desk estimate US$6,500 FOB China/EU x 1.4 landed x NFEM rate (Oct 2026); verify with dealer quotes",Abuja
M-EQ-WGEN,Equipment for Sale: Generators & Pumps,"Diesel welding generator 400A, new",nr,11197200.0,8957760.0,13436640.0,0,LOW,,2026-10-01,"Desk estimate US$6,000 FOB China/EU x 1.4 landed x NFEM rate (Oct 2026); verify with dealer quotes",Abuja
M-EQ-DP4,Equipment for Sale: Generators & Pumps,"Diesel trash/dewatering pump 4"", self-priming, new Chinese",nr,4665500.0,3732400.0,5598600.0,0,LOW,,2026-10-01,"Desk estimate US$2,500 FOB China/EU x 1.4 landed x NFEM rate (Oct 2026); verify with dealer quotes",Abuja
M-EQ-DP6,Equipment for Sale: Generators & Pumps,"Diesel dewatering pump 6"" skid-mounted, self-priming, new",nr,16795800.0,13436640.0,20154960.0,0,LOW,,2026-10-01,"Desk estimate US$9,000 FOB China/EU x 1.4 landed x NFEM rate (Oct 2026); verify with dealer quotes",Abuja
M-EQ-SUB3,Equipment for Sale: Generators & Pumps,"Submersible drainage pump 3"" electric",nr,650000,520000.0,780000.0,0,LOW,,2026-10-01,Desk estimate (Oct 2026); verify with 3 dealer quotes,Abuja
M-EQ-WPT,Equipment for Sale: Generators & Pumps,"Wellpoint dewatering system (pump + 50 wellpoints + header), new",nr,46655000.0,37324000.0,55986000.0,0,LOW,,2026-10-01,"Desk estimate US$25,000 FOB China/EU x 1.4 landed x NFEM rate (Oct 2026); verify with dealer quotes",Abuja
M-EQ-DTNK,Equipment for Sale: Generators & Pumps,"Bunded diesel tank 5,000L skid with dispenser",nr,3500000.0,2800000.0,4200000.0,0,LOW,,2026-10-01,Desk estimate (Oct 2026); verify with 3 dealer quotes,Abuja
M-EQ-DJET,Equipment for Sale: Marine & Dredging,"Jet suction sand dredger (Jagaban type), new local",nr,24000000,22000000,26000000,0,MEDIUM,2026-10-01,2026-10-01,"Jiji.ng dredger listings checked 1 Oct 2026: jet suction N22-26m, 8"" used N24m, 10/12"" used N45m, small CSD new N50m, Ellicott 20/22"" CSD N950m",Abuja
M-EQ-D8U,Equipment for Sale: Marine & Dredging,"Sand dredger 8"", Nigerian used",nr,24000000,20000000,28000000,0,MEDIUM,2026-10-01,2026-10-01,"Jiji.ng dredger listings checked 1 Oct 2026: jet suction N22-26m, 8"" used N24m, 10/12"" used N45m, small CSD new N50m, Ellicott 20/22"" CSD N950m",Abuja
M-EQ-D12U,Equipment for Sale: Marine & Dredging,"Suction dredger 10-12"", Nigerian used",nr,45000000,40000000,50000000,0,MEDIUM,2026-10-01,2026-10-01,"Jiji.ng dredger listings checked 1 Oct 2026: jet suction N22-26m, 8"" used N24m, 10/12"" used N45m, small CSD new N50m, Ellicott 20/22"" CSD N950m",Abuja
M-EQ-DCSDS,Equipment for Sale: Marine & Dredging,"Small cutter suction dredger, new local build",nr,50000000,40000000,65000000,0,LOW,,2026-10-01,"Jiji.ng dredger listings checked 1 Oct 2026: jet suction N22-26m, 8"" used N24m, 10/12"" used N45m, small CSD new N50m, Ellicott 20/22"" CSD N950m",Abuja
M-EQ-DCSD14,Equipment for Sale: Marine & Dredging,"Cutter suction dredger 14"" (Chinese, dismountable), new",nr,839790000.0,671832000.0,1007748000.0,0,LOW,,2026-10-01,"Desk estimate US$450,000 FOB China/EU x 1.4 landed x NFEM rate (Oct 2026); verify with dealer quotes",Abuja
M-EQ-DCSD20,Equipment for Sale: Marine & Dredging,"Cutter suction dredger 20/22"" (Ellicott), new",nr,950000000,850000000,1100000000,0,LOW,,2026-10-01,"Jiji.ng dredger listings checked 1 Oct 2026: jet suction N22-26m, 8"" used N24m, 10/12"" used N45m, small CSD new N50m, Ellicott 20/22"" CSD N950m",Abuja
M-EQ-DPMP,Equipment for Sale: Marine & Dredging,"Dredge pump set 12x10"" with diesel engine, new",nr,74648000.0,59718400.0,89577600.0,0,LOW,,2026-10-01,"Desk estimate US$40,000 FOB China/EU x 1.4 landed x NFEM rate (Oct 2026); verify with dealer quotes",Abuja
M-EQ-SPUD,Equipment for Sale: Marine & Dredging,"Spud barge / work pontoon 30x10m, new local fabrication",nr,350000000,280000000.0,420000000.0,0,LOW,,2026-10-01,Desk estimate (Oct 2026); verify with 3 dealer quotes,Abuja
M-EQ-TUG,Equipment for Sale: Marine & Dredging,"Tugboat 1,000-1,200hp, foreign used",nr,900000000,720000000.0,1080000000.0,0,LOW,,2026-10-01,Desk estimate (Oct 2026); verify with 3 dealer quotes,Abuja
M-EQ-HOPB,Equipment for Sale: Marine & Dredging,"Sand hopper barge 500t, local build",nr,250000000,200000000.0,300000000.0,0,LOW,,2026-10-01,Desk estimate (Oct 2026); verify with 3 dealer quotes,Abuja
M-EQ-CREW,Equipment for Sale: Marine & Dredging,"Crew/work boat 30-40 seater (fibreglass, twin outboard)",nr,180000000,144000000.0,216000000.0,0,LOW,,2026-10-01,Desk estimate (Oct 2026); verify with 3 dealer quotes,Abuja
M-EQ-OB200,Equipment for Sale: Marine & Dredging,"Outboard engine 200hp, new",nr,33591600.0,26873280.0,40309920.0,0,LOW,,2026-10-01,"Desk estimate US$18,000 FOB China/EU x 1.4 landed x NFEM rate (Oct 2026); verify with dealer quotes",Abuja
M-EQ-SBGY,Equipment for Sale: Marine & Dredging,"Swamp buggy (amphibious excavator/carrier), foreign used",nr,450000000,360000000.0,540000000.0,0,LOW,,2026-10-01,Desk estimate (Oct 2026); verify with 3 dealer quotes,Abuja
M-EQ-RIGU,Equipment for Sale: Piling & Foundations,"Rotary bored-pile rig 150-200kNm (SANY SR150/Bauer BG), foreign used",nr,450000000,360000000.0,540000000.0,0,LOW,,2026-10-01,Desk estimate (Oct 2026); verify with 3 dealer quotes,Abuja
M-EQ-RIGN,Equipment for Sale: Piling & Foundations,"Rotary bored-pile rig 235kNm, new Chinese (SANY SR235)",nr,783804000.0,627043200.0,940564800.0,0,LOW,,2026-10-01,"Desk estimate US$420,000 FOB China/EU x 1.4 landed x NFEM rate (Oct 2026); verify with dealer quotes",Abuja
M-EQ-VIBH,Equipment for Sale: Piling & Foundations,"Excavator-mounted vibro hammer (sheet piles), new",nr,83979000.0,67183200.0,100774800.0,0,LOW,,2026-10-01,"Desk estimate US$45,000 FOB China/EU x 1.4 landed x NFEM rate (Oct 2026); verify with dealer quotes",Abuja
M-EQ-D62,Equipment for Sale: Piling & Foundations,"Diesel pile hammer D62 class with leader, new",nr,242606000.0,194084800.0,291127200.0,0,LOW,,2026-10-01,"Desk estimate US$130,000 FOB China/EU x 1.4 landed x NFEM rate (Oct 2026); verify with dealer quotes",Abuja
M-EQ-HPU,Equipment for Sale: Piling & Foundations,"Hydraulic power pack for vibro hammer, new",nr,111972000.0,89577600.0,134366400.0,0,LOW,,2026-10-01,"Desk estimate US$60,000 FOB China/EU x 1.4 landed x NFEM rate (Oct 2026); verify with dealer quotes",Abuja
M-EQ-SPDR,Equipment for Sale: Piling & Foundations,"Small percussion (tripod) bored-pile rig with winch, new",nr,27993000.0,22394400.0,33591600.0,0,LOW,,2026-10-01,"Desk estimate US$15,000 FOB China/EU x 1.4 landed x NFEM rate (Oct 2026); verify with dealer quotes",Abuja
M-EQ-TSTN,"Equipment for Sale: Site, Survey & Small Plant","Total station 2"" (Leica/Sokkia/Topcon), new",nr,16795800.0,13436640.0,20154960.0,0,LOW,,2026-10-01,"Desk estimate US$9,000 FOB China/EU x 1.4 landed x NFEM rate (Oct 2026); verify with dealer quotes",Abuja
M-EQ-GNSS,"Equipment for Sale: Site, Survey & Small Plant","GNSS RTK set base + rover (CHC/Hi-Target/South), new",nr,13996500.0,11197200.0,16795800.0,0,LOW,,2026-10-01,"Desk estimate US$7,500 FOB China/EU x 1.4 landed x NFEM rate (Oct 2026); verify with dealer quotes",Abuja
M-EQ-DRONE,"Equipment for Sale: Site, Survey & Small Plant","Mapping drone with RTK (DJI Mavic 3 Enterprise class), new",nr,10264100.0,8211280.0,12316920.0,0,LOW,,2026-10-01,"Desk estimate US$5,500 FOB China/EU x 1.4 landed x NFEM rate (Oct 2026); verify with dealer quotes",Abuja
M-EQ-ATLV,"Equipment for Sale: Site, Survey & Small Plant","Automatic level with tripod and staff, new",nr,839790.0,671832.0,1007748.0,0,LOW,,2026-10-01,Desk estimate US$450 FOB China/EU x 1.4 landed x NFEM rate (Oct 2026); verify with dealer quotes,Abuja
M-EQ-RAMM,"Equipment for Sale: Site, Survey & Small Plant",Tamping rammer (jumping jack) petrol 4-stroke,nr,1800000.0,1440000.0,2160000.0,0,LOW,,2026-10-01,Desk estimate (Oct 2026); verify with 3 dealer quotes,Abuja
M-EQ-PLT200,"Equipment for Sale: Site, Survey & Small Plant",Reversible plate compactor 200-300kg diesel,nr,4500000.0,3600000.0,5400000.0,0,LOW,,2026-10-01,Desk estimate (Oct 2026); verify with 3 dealer quotes,Abuja
M-EQ-TOIL,"Equipment for Sale: Site, Survey & Small Plant","Portable toilet cabin (plastic), new",nr,1200000.0,960000.0,1440000.0,0,LOW,,2026-10-01,Desk estimate (Oct 2026); verify with 3 dealer quotes,Abuja
M-EQ-CON40,"Equipment for Sale: Site, Survey & Small Plant","40ft container converted site office (insulated, AC, wired)",nr,12000000,9600000.0,14400000.0,0,LOW,,2026-10-01,Desk estimate (Oct 2026); verify with 3 dealer quotes,Abuja
M-EQ-HFRM,"Equipment for Sale: Site, Survey & Small Plant","H-frame scaffold set 1.7m (2 frames, 2 braces, 4 jacks)",nr,85000,68000.0,102000.0,0,LOW,,2026-10-01,Desk estimate (Oct 2026); verify with 3 dealer quotes,Abuja
M-EQ-PRPS,"Equipment for Sale: Site, Survey & Small Plant","Adjustable steel prop 1.8-3.5m, new",nr,18000,14000.0,22000.0,0,LOW,,2026-10-01,Desk estimate (Oct 2026); verify with 3 dealer quotes,Abuja
M-EQ-ALFW,"Equipment for Sale: Site, Survey & Small Plant","Aluminium wall/slab formwork system, per m2 of panel",m2,242606.0,194084.8,291127.2,0,LOW,,2026-10-01,Desk estimate US$130 FOB China/EU x 1.4 landed x NFEM rate (Oct 2026); verify with dealer quotes,Abuja
M-EQ-PWASH,"Equipment for Sale: Site, Survey & Small Plant",Pressure washer 250 bar petrol,nr,650000,520000.0,780000.0,0,LOW,,2026-10-01,Desk estimate (Oct 2026); verify with 3 dealer quotes,Abuja
M-EQ-HYDT,"Equipment for Sale: Site, Survey & Small Plant",Hydraulic torque wrench / bolt tensioning set,nr,6000000,4800000.0,7200000.0,0,LOW,,2026-10-01,Desk estimate (Oct 2026); verify with 3 dealer quotes,Abuja
M-TL-RIGK,Hand Tools & Small Equipment,"Scaffolder/rigger tool kit: 3 spanners (17-21, 21-26, 22-24), 4 rolls binding wire, 2 wood saws",kit,202000,161600,242400,0,LOW,,2026-10-06,"Built up from book prices: spanner set (M-TL-SPAN) for the 3 spanners, 4 x binding wire 20kg (M-STL-04), 2 x wood saw (M-TL-WSAW)",Abuja
